Entertainment,Fast_Food,Tech,Transportation,Energy,S&P_500
0.018008054742166598,-0.00017048186046067195,-0.004500442453212428,0.008814117441573321,0.005318139897519843,0.00018996581088659426
0.0010978067264985133,0.007041390763461278,0.012236395174866894,-0.0036000749749001736,0.006410895261431313,0.0030970753849743904
0.012191468288385379,-0.012904891216811095,0.005537652473381261,-0.0016110462991729083,0.013988879192475039,0.0012712512404724485
-0.007777739790545797,-0.014645407030064892,0.0023213586591615187,-0.04505099405471851,-0.0026281953278206567,-0.00018910292286977715
0.017060731696428216,-0.0033501034807010255,0.0074896183072290946,-0.0036965846415569735,-0.00027246244573748274,0.001443655000098465
-0.02240120232658123,0.006251869498556774,-0.004380451903141261,-0.00016633322415881963,0.0006486968081333594,-0.003761887644002093
-0.0006048931625862944,-0.001352373571279986,-0.0033292564816644974,0.019050769131670357,-0.0085043836040531,-0.0008976438525517549
0.006192497432697383,-0.0024339554284506927,0.0021978184181914205,0.0023633029634348127,-0.0069446142012149215,0.0009836343625724275
0.0008411527656655331,0.029959506298158002,0.005015879157772369,0.03569931410787184,-0.020760931179468766,-0.0023096092988857952
-0.01716476707237092,-0.0004680870909751828,-0.008206397539265137,-0.008411943298622104,-0.012638394683701726,-0.005525675723266343
0.017716767619059614,0.006471121827327246,0.008711382883069801,0.003424236819773435,-0.005481517163196506,0.008196058063241196
-0.005349231946130034,0.0056896977032322785,-0.008026024337894818,0.008860051606978997,-0.0008520004739077244,-0.0026259630899742037
0.010599726970725176,-0.01263359531962345,-0.0021184237760789523,0.0025276587520836995,-0.0009059636008227347,0.0012756828808564435
0.007034021794796049,-0.003960282674053206,0.012641040382241493,0.004520729301224974,-0.00018833804182104223,0.006541139295859866
0.0013566564663314796,-0.00741054817669287,0.009492466182291286,0.010848984796276938,0.00572750064299419,-0.0007502611166068096
0.005398422522883667,-0.00040296464450397164,0.019141513461669642,-0.0016688681002540845,0.005073270221218498,0.0020560951489239088
-0.0005079106243015961,-0.008285869242515056,0.008674006209797488,0.0008953886221576043,-0.021652585620748083,-0.0003842577408796899
0.01334967719789858,0.004400815734902445,-0.000545851420674467,2.2239332641389883e-06,0.01687717246707374,0.00984851271879017
-0.03486511008817506,0.01716122584445712,-0.02538404821105658,-0.0070221589549938285,0.010313263818465798,-0.000369225702197995
-0.007264400739149556,0.024464466352323754,0.010981815522887699,0.005647415612734038,0.004473298958688057,0.008190950433802913
-0.014599201565737055,0.006976044671585182,-0.010122610630384696,-0.003172341277642404,0.01379732938533334,-0.002024530803113933
-0.00307192501896658,0.014877685483868737,-0.024151352607263518,0.004982528396811634,-0.005470471192229086,-0.0010521566439205543
0.0007558435837344554,-0.007069013121868723,0.006311692546816178,-0.01205383929130566,-0.0016761713534442445,-0.0037393815604747083
-0.008351310685388441,-0.019951129396561258,0.010565641234326644,-0.014651836146791953,-0.014337254153399447,-0.00011410565998426492
0.008658889000132291,-0.01242438648531403,0.005770195652597097,0.0014223915833743409,0.002291348959856091,0.0029323579853828274
0.008910912669370278,0.02099693426087779,0.005052368727770145,-0.004025460970498175,0.016314958805532017,0.005506306319651655
-0.015006845684406253,-0.014809727574145573,0.006636192190582015,0.002101085543727404,0.0025233424825634103,0.003201957471006933
-0.0035610143144634812,-0.0030640296223622895,-0.0019264879916510904,0.00844227083755377,0.0038652573469847634,0.001548922064604108
0.005063460156020961,-0.0003019846189641265,-0.0009180905835447241,0.00018335620874974993,-0.0038654607306236586,-0.0004729570906678582
0.002526844868944681,-0.009006015201498392,0.006240407149404833,0.005462673512386223,0.008822611599045441,-0.004070859227173984
0.006174160973390952,0.004068592152692616,0.008830420235574647,0.006359573982027755,-0.0028059423207722153,0.008974343513216354
0.010562296506628027,0.008711194587214637,0.008261285525399332,0.011343090670103586,0.0032545091314927603,0.005362807225250732
-0.012815664664346065,0.019622267974965413,-0.003499426775503912,-0.007332554807824409,0.004819937809112594,-0.0032302694598687065
0.0010829164569150977,-0.02460312373548064,-0.006966804670184729,-0.009629497267515543,0.025248024833606567,-0.0008278931807477186
0.004556534001469456,0.01182533352036471,-0.0020805433076186695,0.003925427094041101,0.029795800371836097,0.0019856558213586784
0.0061708883733855675,0.008149926505133699,-0.0043180941215500476,0.0007691588094325383,-0.006673459111378948,-0.0004581666477052604
-0.010551834056876151,-0.0050505614196411615,0.0042505670248595235,-0.0034337325577828196,0.011853858063595653,-0.0010584151831672939
-0.0035026753192444957,-0.004286667152236972,0.002804294237929055,0.0010789518084614615,-0.00952596133845486,0.0007909409391904099
0.016551933843148296,0.002230031335884972,0.002171027390767699,0.005350779620762295,-0.005369519475067664,0.0018339987251561052
-0.005739283074522217,-0.011048467979402605,-0.010467369723721913,-0.010593899744132591,-0.004774800686802537,-0.005183153157965359
0.032572413716199816,-0.014131855711358868,0.015204880869475938,0.024530898584099233,0.009630349074020501,0.008303361477520088
0.014514441205063667,0.021696558133394054,0.011692171038680792,0.024096140254010218,0.016275779663028997,0.006398818768781567
0.011741087471827387,0.01594591398202739,0.004727198605668694,0.009259862849684747,0.009652070249615289,0.004028636080503967
0.02546556945224283,0.004931048111798605,0.01531355467270895,0.008126289972723626,-0.0013457560141186284,0.007033767443369587
0.00725148988397191,-0.002632202007483747,0.010932280160647864,0.0066651822878257315,0.008670829322014316,0.0016623439316436617
-0.00036829462753012153,0.016771921249145366,0.002875070587243404,-0.004679305564648826,0.005451556587802517,0.0013029315960912946
0.009749826316258687,-0.02538478504516653,-0.0004319638137791152,0.0014264251213394012,-0.0030524423274645865,-0.0011122268282528491
0.016381834751428785,0.012978495677521004,0.013592483968824854,0.017928308119437165,0.025513201861081795,0.007033646478779465
0.006134322837581162,-0.007117853523115606,0.020318254373406036,0.022056124335339423,0.014310244296866807,0.006749602987881076
-0.010629259580433087,-0.013513501713222738,-0.0022060600196689532,-0.011309534428343844,-0.018687321161508397,-0.003524487622672101
0.0003842490209849303,0.006378295609900703,-0.0009098251716055408,0.0053118056419882076,0.014180302573359534,0.009415051560751175
-0.00044186541948244937,0.008358821833548573,-0.0012336333983784997,-0.019688270130339604,-0.0026983027066370437,-0.0016163897301626484
0.007970779175699634,0.01566520468066362,0.0015817752155536863,-0.002629625033751839,-0.0007980830244506978,0.004385235112838837
0.024511046840114036,0.0001190898787756163,0.022816094289505713,0.011340441658818512,0.014710996751827644,0.008066726499347698
0.04272413302759839,0.013144107803358078,0.0210079279481412,0.009677701375102515,-0.004654227419878558,0.0021743654797181655
0.00829816658901865,-0.0026956278166997724,-0.0035860019222047983,0.006971610425573565,0.0015677541077020415,-0.0005599757022828333
0.006966261775054741,-0.0013544021480512971,0.012067635210610763,0.0014502804383255826,-0.013909350612588394,0.0006026209018938911
0.020155898723015164,-0.003068042756182222,0.01664080765800346,0.006885689260929158,0.01252215508280503,0.011841196508761032
0.00027084778653205845,-0.008251561917347609,0.007565903318443168,-0.009627893754077126,-0.013293422214098379,-0.006731974332887192
-0.014875093967381015,-0.010924481924686076,0.006598068978952258,-0.012792819078725147,-0.020158232842563628,-0.010898815620283941
-0.008033738732446987,-0.0035144477963265372,0.010442583608610743,-0.007156005145666801,0.005224428258556354,0.0004889853730833948
0.0033564988120917505,0.0061613695430472485,-0.031092608985019216,0.004638052747635118,0.008884534885787262,-0.0006480882520516484
0.03256255552517484,-0.033050182524229664,0.00938267210684108,-0.021921165292653613,-0.032204528961052484,-0.02120854792396809
-0.053223448275013484,-0.029481399112555262,-0.033068236283867604,-0.01829903159865504,-0.03510171767026987,-0.04097922480422822
0.03958742400743884,0.00020092947956067974,0.03569136393433229,0.018742564118085798,0.0076357759237026075,0.017440920592313836
-0.00827017344255635,-0.0010251844119780757,-0.019601042655355595,0.009124754379882945,-0.007961644450383195,-0.005001588416939429
-0.058553953930749206,-0.04442207971084892,-0.04716222916803118,-0.03986934602814515,-0.03749268019836267,-0.03753641975808808
0.00013835836349505135,0.02504636957699782,0.004952846287409551,-0.10068887944278482,-0.012005773097442019,0.014936090208494734
0.028923365024269634,0.020080367643748123,0.028319600222714045,-0.002709228408044332,0.022557507090647487,0.013914584754042503
-0.010007165179459356,-0.015574140287208884,0.01545375078726231,-0.00991694080446751,-0.0019025226382634942,0.0026129297463290957
0.02887240540164077,0.014521341261671301,0.023052189963588744,-0.0035265552630465396,0.03390090763220846,0.013402458257245842
0.02783410104205095,0.029439643190413384,0.010882299097172015,0.018406319289712456,-0.013896672114009162,0.012069112762299383
0.004594173809546744,0.04377917452905329,-0.006682854461462583,0.009391037846373232,0.001319616725688631,0.0003734693722488025
-0.001582088739907507,-0.01859507357203284,0.011822979383816812,-0.0009224809951732094,0.0010722289392953667,-0.005841389459353419
0.004765000822001642,0.0116259329446317,0.006245718594205346,0.0060498409658913885,-0.01866375593390284,-0.0054965031281792864
-0.001403128238844028,0.00980420619790324,0.000894605978175414,0.003918320789674964,0.019059580260411612,0.0009735510790762625
0.017499027788365443,0.0013599812688838192,0.013544616258425093,0.022742110887182,0.03517088673614379,0.01602837635051313
0.020595016413717308,0.002970506861959145,0.014821025388067741,0.0002741394107353095,-0.003575908993716484,0.011757015343810906
-0.014081078052538531,-0.0024805639537072623,-0.009439314116574645,-0.02460361979615904,-0.013063150664065342,-0.012706888443829278
0.0027121388398908598,-0.009261199876647587,-0.002278931557335472,0.02758438465288203,-0.02447520097639334,-0.011095788639207016
-0.018704998132128555,0.006297366920548461,-0.01513716733032508,-0.003376424057649794,-0.00619010621058493,-0.013324399541987275
0.027077145934598427,0.007497198584619925,0.005025547618752375,0.0015189581406494426,0.0020364479002112287,0.005071602744632031
0.03049021257024782,-0.012976280980081464,0.013632134793981506,0.022672772099834072,0.0014216321149074338,0.011032026532745043
0.011702915393967674,-0.0030570625809110395,0.006762074115521704,0.009913438867447461,0.0019514901668945496,0.002638858606169414
0.0008772069503171037,0.0016541407385087749,0.006188126810166357,0.018348287081097602,0.0003550153286134946,-0.00048387472056610203
-0.0017213402203439384,-0.003116931909160256,0.00600925485035152,-0.004282589442941431,-0.00772841912567868,0.004463078207817217
0.02272469863717961,0.02009030463883998,0.020048516879425656,0.017551300734778383,0.02666671589427345,0.01737883151892694
-0.027949477549348057,-0.005884024518855186,0.009500501205708075,0.014834168910132818,-0.004703220799063662,-0.001273985129042532
-0.007737195152642583,-0.006917568456755084,-0.01109903472596183,-0.02878009488139638,-0.011473278301929353,-0.006363576551088879
0.01697108212658515,-0.015558956546963994,0.0018614629629767933,0.019533904373268903,-0.0013572212488229694,-0.005724521948562322
0.0031984079990085086,-0.010414980039566141,-0.003538017534842436,-0.004589114559116887,0.0014463564632902876,-0.000781930531963182
-0.010914519032306155,0.011531148373516946,-0.005819341944505277,0.002348818381849469,0.013564536371558033,0.001703447167811456
-0.030504902694575266,-0.008801626122592318,-0.01916021891871789,-0.015101206391929604,-0.02228091560820648,-0.014204195388793028
0.010599276903209416,0.008464253153515353,0.019222397279638065,-0.006892940975931217,0.017092046211398374,0.0014818054520648882
-0.0029606039611583495,-0.002187742889763279,-0.003979254968692268,-0.0050801600770396214,0.0375476518390582,-0.0018439898833508828
-0.021174369879155684,-0.008350087820873061,-0.026183891501211056,-0.021404337853904352,-0.012690011425970423,-0.025162888405856454
-0.011494306997748746,-0.0021801498269037375,-0.030678079446066098,-0.009370684208615261,0.01592081543430357,-0.02096688071186603
0.0387988541562009,0.016518260673770952,0.04409350364183456,0.014703679000002478,0.023032519684035087,0.02715725576151251
-0.03745677421862463,-0.00480954497585788,-0.03989939185290918,-0.012353770112069146,-0.0013119967255859287,-0.017276308813847896
-0.019465159388279998,0.01144920903620446,-0.0314867299972746,0.003551629899651323,-0.00912394237004814,-0.00291665716625622
0.019170595876256212,0.0008057474237712458,0.015158752076411621,0.030444382764564626,0.01191841210920807,0.013769718690019195
-0.02808163724081173,-0.014033286426128224,-0.045053753942743635,-0.03529626222941565,-0.019236302551634752,-0.022337423560165104
0.014690225872198827,0.013085629467176476,0.013359828090592041,0.005520463326420354,0.031065566262183323,0.012614865848792123
0.010732032276759696,0.0016880124998203449,0.015178668530082411,0.01764948721921608,-0.0057899852513490805,0.01156648273982852
0.010280430565490677,0.01500366958932177,0.02115689316833751,0.009414717813403316,0.016636972740859755,0.0068628636575538415
-0.015840784395165584,-0.0122895961826025,-0.029112107881810612,-0.026907860164968208,-0.01893250183214793,-0.021920248779842444
0.00292681876752015,0.0038932401697704564,0.002629215562240748,-0.0029444130601887033,0.019337815194869185,0.0033365488963206236
0.02538741938614105,-0.005024275628449055,0.021018321402975278,0.010883669630246154,0.027277812388687237,0.0167269537832615
0.004532957414190971,0.002449240155846375,-0.007693317624977715,-0.008478134805507572,0.011654835882482251,-0.005525364482924067
0.0061532537752975475,0.0061396349153032366,0.015296767409161019,-0.0008556858334490835,-2.874642522759847e-05,0.008250750063987677
0.001012054736243044,-0.002719061456372339,-0.009972542278507425,-0.006241271795073793,0.02100614780272551,-0.0028866254882486952
-0.000756401717245569,0.01225676983812401,0.008233904739322673,0.012315330957334501,0.010982150639401044,0.008109038386684864
0.04728032754237852,0.012278803037341798,0.03857390480059554,0.01521728371930246,0.010585086003578962,0.010661504701720004
0.004728171694267381,-0.0006105522811223509,0.011533892077802988,0.0008623542150078947,0.003026323432279691,0.0008313658006817715
-0.009674808522678803,0.0003485952993846841,0.014738850536316933,0.0002831897535803661,-0.0009720568944030105,-0.005726124690152989
-0.006871729231485818,-0.000578972388215374,-0.01711207007334251,-0.013479031143646028,-0.0076312945994929295,-0.00853653230061302
-0.016051008346709382,0.0016313587497920417,-0.0047709676125686,0.006415056273180789,-0.0018959779206907852,5.623169212687351e-05
-0.01776384150605581,-0.01560556802347507,-0.036463495581910046,-0.002088961331566545,-0.0027350238307019214,-0.01338056164164636
0.0007627837235537379,0.00657099614634181,-0.0009940627732632837,-0.011084072137573309,-0.0033722916295516703,0.001837059563023713
0.01793377259222367,0.03935992383282287,0.03384160142825744,-0.0027550607539176715,0.025804852882629938,0.010434204774367295
-0.05111353347323483,0.003098766401159817,0.026240441547644235,0.05857094836239,-0.021263135122983695,0.0011136248915897262
0.004464947862058094,-0.023284095115245453,-0.008161747568725165,0.0004189790962918531,0.004734094049319568,-0.008187490964434607
0.0073980297277894715,0.008912995685721813,0.012658490750083302,-0.006778593480448281,0.0017690304996728864,0.0025490454770622506
0.0028713264754920134,-0.010197254704518908,-0.009650408254804147,0.0021863473640627005,-0.002600546799415364,-0.007205863568357729
0.0019498951006993385,0.0024888855545070854,0.0018112732150242625,-0.01756448219636888,0.007450820020409307,-0.0022536742393085563
0.018508886288268044,0.0022339931948760616,0.009266980466647558,-0.00211082505560854,0.010113719961867117,0.012811178963797909
0.00807925155323974,0.000428667098667448,0.01112896144133328,0.005214037038077534,-0.0020259688444745198,0.0034579455015175675
-0.0009504548782147909,0.019034302012134907,-0.004061096192167777,-0.0037068282782882316,0.01275241398973816,-0.0002656413228280252
0.004010799865099502,-0.012525033647023702,0.01263195470622901,0.011790033194384555,0.014867795320169967,0.009682220255068819
-0.0047920299875531275,0.015068693554995136,0.003970494205195779,0.001521986570934283,0.007801724981055838,0.009370643723504823
0.008630924354598661,-0.005339081377261726,-0.002977026434506934,0.001998536276749469,0.006221951627260976,0.0017075955546570487
0.0058778065966152634,-0.01410533295876038,0.0001517111787884929,0.00609844620512833,0.0029208378892746057,0.0008834895573073265
-0.012077488240729413,0.008175816131236512,-0.01514418972111399,-0.005655701064267852,0.004690071488600204,-0.006842140279927467
0.006771687826946587,0.005952070706749155,0.005846813426792932,0.008791295146756133,-0.0034970788215810222,0.004060561678767671
0.005871413147787005,-0.045204376214367716,-0.004239859704396268,0.0023870799783767423,0.011053488381873129,-0.0008558723207806596
-0.0033690188320742278,-0.022392025840904304,-0.004914102046447144,-0.007399594148731901,-0.013907893376399532,-0.00263219493841671
0.008622279737423908,0.019120275843052773,0.00869802232507065,0.00914388969500505,0.014205058449511627,0.007386752997235124
-0.013929484960943194,-0.0034384811011292466,-0.0032446250399340982,-0.006199677424222374,-0.008169481054968378,-0.0031357617896576873
0.011696750495904197,0.0032437252901459917,0.01226701779243166,0.007695428650923781,-0.01249081973776317,0.0032484098921563564
0.005865430157823185,0.007065726380668883,-9.960908630098268e-05,0.012888439278559108,-0.010512907787317116,-0.002023213496498033
0.0021271166791581777,-0.0050047274616979685,0.0028400882179950918,0.0071913983242093225,-0.0411619566423948,-0.0023572204364039617
-0.0002840834886521845,-0.01631528505771874,-0.0013789647010339864,-0.008264983885791269,0.001247915876848988,-0.011564187290653005
0.011660518921516642,0.018409910661308433,0.007657960374804234,0.011667080132253479,0.0348139638724674,0.012695791223314323
-0.004102414890641848,-0.008731884781512335,0.004125898641370361,0.0170162083199435,-0.008451948211670762,-0.006879559974886984
0.017319833179132688,0.0007702233330574559,0.012835874595660844,-0.003488951875998036,0.010609462024630352,0.010849230370481022
0.01734584532300214,0.006818017787061813,0.013931739850794902,-0.0034864612465345906,-0.006282144017451383,0.004479598435997323
0.0073433591236122635,0.026362999626241102,0.013897838251135077,0.007593177293853357,-0.003452340991510203,0.0007025929724704394
0.011979689310400344,0.006693422364202723,-0.00010135444871433417,0.013351805607639902,0.005068959544670831,0.008567392465728796
-0.010863448669505492,0.0068177873741679905,-0.006702102843867163,-0.01322477086939947,0.023646156319427434,-0.0007141884679080501
-0.00010485447986742028,0.013549533139649532,-0.0017441085533866437,0.004784208021885802,-0.0012247533477425744,0.0031259043893263616
0.006529714286953475,-0.0006606784182757578,0.0024349774433450266,0.014957942166109395,0.013779741692966304,0.001068707668436586
-0.0030891263668907723,0.006869022422720209,0.00563511716428221,0.0051327342487387665,-0.014044157133399474,0.0017433852107295866
0.020534386946592476,0.00085674484312717,0.0013595741166085677,-0.013831841317130342,0.002522484829841404,-0.004026127868587581
0.010260695944082064,0.0006742439139737398,0.010937290221107045,0.00891212950688484,-0.01733139758829467,0.002471549778432225
-0.001117181264993567,0.014184518705148868,-0.005068131359321752,0.008565951578095308,-0.035563237310638963,-0.001017102715529128
-0.010534728046371353,0.013263856458287029,0.006533924920255057,0.007082503882396468,0.017245626151449568,-0.0021261277624751163
0.01624633039621582,0.00245092246549998,0.0037481305756561618,-0.004079105594315151,-0.005467979127979575,-0.004023402292699374
0.02781820821790343,0.0004359589793600369,0.00793563289511251,0.003113519449533703,0.013335404141984097,0.0017121542893689945
-0.005418148733298472,0.00025512294079448674,-0.010744042350375713,-0.008018028806047843,-0.03125508798905213,-0.006345510515579966
0.007537258047375772,-0.00021741800885771337,-0.007153054926080457,0.0032884730350492344,0.03775321754830505,0.0018619345065358228
-0.03928230147472483,-0.010135644958387651,-0.028576135607359998,-0.017271631012936873,-0.02285075357868495,-0.013724668973416176
0.022671771446483684,0.009698628271659225,0.011846965842630407,-0.0059167688393927395,0.016258952087935725,0.0022045770199778936
-0.008020878635726382,-0.007387625109450277,-0.016956448324343884,-0.015967479704485768,0.01887677219017429,-0.008604355128821406
0.0203779639568152,0.0002551915229424512,0.02040015528119145,0.003348607135868755,-0.004427150046671443,0.00617868985946779
-0.00886118829525163,-0.00852309721372718,-0.0004419691413524521,-0.00035108895723422754,0.01502240815288609,0.0007584033300001014
0.005371617330773835,-0.0027368601747416454,0.00941060691467508,0.009364240735016736,-0.013880443045069262,0.003067957412152822
-0.008864581987591925,0.0012352168425864393,-0.012808326606093198,0.008365432105100126,0.012369382666860577,-0.00494735062681062
-0.009199938162151127,0.002478431828476275,0.006453805768446101,0.004957371257616534,-0.006483075096331565,0.008620803683929923
0.0172459126696977,0.007550244570820374,0.00864983037670382,0.014172489350930038,0.00821836984730272,0.008481281595267509
0.032882422593913156,-0.003530422106646125,0.014537021140464883,0.009981055455328866,0.0188184728835127,0.008822985887663393
-0.0032044911465860166,-0.013196632570592594,0.0019126593760214184,-0.0008502592403811107,0.010004966214772912,0.003473267180873929
0.006556652435074679,0.021133818633277488,0.004565619225316331,-0.015526747580192473,-0.025661239465327994,-0.007094202866256172
-0.0028035288522998652,-0.003533988483439059,0.023680559384648147,0.011392295721085877,0.016957575119175994,0.008749042674663476
-0.009284550013813387,0.001575090710211381,0.008719051436512875,-0.0029963395293684716,0.005840802744410347,0.0010792374947172778
0.0053547135016234464,-0.010035375142711278,0.0023598365687679305,-0.001931676697535,-0.017240577254561663,-0.001028135726814483
-0.02163777971530914,-0.0031964249957441627,0.011447103932578162,0.012157558518383746,-0.00487624460050878,0.00397369863071062
-0.010734390711266223,0.007090121649049402,-0.0018359582518068806,-0.006331582449209947,0.0006084420586171731,0.0021605126279586884
-0.017082396189341254,-0.010738324366566793,-0.013425274991218934,0.004102626491030919,-0.007551868789400997,-0.003952993120479142
-0.0014926259658488046,-0.0003364193932246666,0.0024866192930774315,-0.012292657611736126,0.007463774889431391,-0.0009484477101494582
0.0038678643531032514,-0.008806481471612029,0.0002271878845381099,0.005499664328801331,-0.001750542666038218,0.0018380494891383492
-0.01197331745381587,-0.01834454072635491,0.015352625229484764,0.001055969706581966,0.013582825921401797,0.004780911145920941
0.016748522595687914,-0.01205753020230403,0.01919666956007182,0.00629709743376081,0.00905573113374331,0.009101605057599604
0.0013471532695765243,0.0022799212782250605,-0.02210683953270729,-0.0034705824528607422,0.002584715260409825,-0.0030322960242857855
-0.012440172468472871,-0.0038026619302348307,-0.0030804117617068655,0.05686194810551465,-0.0007741769773192597,-0.00656220869212365
-0.0364081256914085,-0.01222102542911539,-0.019932893597348345,-0.017826443497286033,0.011205537619719284,-0.005754170294581917
0.019834736177773517,0.023288816244598196,1.8677305270490755e-05,-0.0034609090136953056,-0.0016568738474487057,0.004884728797982518
0.010092089685712326,0.01805586357500711,0.008708300552428671,-0.0039508415795782665,-0.0057392820798582165,-0.0010403515262938923
0.010520143729037375,0.014570431168749806,0.01720190638862517,0.0007736952272220683,-0.0055448467900875145,0.004926444803381669
-0.004216159993004308,0.0015869142403524762,-0.0038972608135458262,-0.0017130658381078006,-0.00269641829302341,0.004644183009877123
0.006201675939585007,0.007364310143213172,0.009718956435741494,0.009374737822670592,0.004977690842462138,0.003538227451535869
0.011332221106408285,-0.007343696477295693,0.008691675711320367,-5.353826315736511e-05,0.015221843476930567,0.0028241822564987196
-0.012866093818466283,0.016256210916684753,0.010332064215926584,-0.007499697008430766,-0.018003756561303774,-0.0002623799656497061
0.008141821180377925,0.050035184103945834,0.005175325365627645,-0.003125775536924995,0.0016918545368345083,-0.0014416744645237012
-0.01173090512866541,-0.013318973848955229,-0.006968706442870537,-0.01025855729705715,0.0009205592749317106,-0.007113887913551609
-0.010639539966307829,-0.012663156129119366,0.0023402090281544525,-0.0081170403273733,-0.010916196646572554,-0.004005992185342366
-0.003951089356595503,0.003413754755553763,0.011222061526656545,0.020309738665020255,0.011420205027197839,0.006389254777276809
-0.020923497595151292,-0.006959203448630517,-0.0188293711321587,-0.002904532159533754,-0.05463135904315886,-0.007602164835758152
-0.004047127850005488,0.013125134019465232,0.0004780523546444534,-0.004154361210274697,0.02026859311180753,0.007919408484583057
0.0013141174347711408,-0.0021821582947882502,-0.0023123961536978205,0.000740146680152639,0.004686509584035267,0.0033231157222237684
0.013505402975044612,-0.007261653620392361,-0.0023088947688744066,0.0073524110467575515,0.0091127900328383,0.0024280177746833775
0.013382701630413265,-0.00025862629580415306,0.0008744833372950194,0.003140690417611173,0.005389737036258968,0.0020685364303643095
0.010545877765974687,0.004922527444241092,0.010025086768924557,-0.009348909523125117,0.01424054444432106,-0.0003981517707819515
-0.009196313313527866,-0.00311693373130784,-0.0003394744497234757,0.0004251542842376688,-4.8465477902145535e-05,-0.0016912621251551352
0.02911310007541451,0.01321661141870746,0.003971639400305927,0.008134876154259316,0.008504148504876827,0.006198839704363079
0.02109323698155562,-0.005227783909455496,0.01244260434593548,0.009245260462930813,0.005138512873927431,0.007670409427647185
0.0027564792797041215,0.0049500014581450045,0.0015407820863131084,-0.0009823520888586788,-0.01033682589457462,0.00026927832649970007
0.011342283197387037,0.005102635799382873,0.028242533580854746,0.008260758724927113,0.016783065226980518,0.005701434129840033
0.00023873219244346645,0.010206615792630125,0.00017419508077938628,-0.008065552719199004,-0.000551659144046248,-0.004430329054144866
-0.002643215518612978,-0.0019333038304053488,0.001747100893636363,-0.0014038584092954125,-0.004054220664140601,0.00013447750859452157
-0.011379891022161286,-0.019545228752311978,0.006052300142051336,-0.011590030670411533,-0.003495265246192105,-0.0016543221469484948
-0.0350837537331241,-0.01164821915654039,-0.020775489451897257,-0.02347220005471564,-0.0018442871997819495,-0.002803126684318036
0.014811499645867848,2.9845859500728954e-05,-0.014563556768195773,0.004363178294622976,-0.03168133028604671,-0.0036523050860121087
0.004720545115023061,0.005992311867555104,-0.00392026929845921,0.020689659799351202,-0.004663352781357399,-0.002213344827027508
0.0010687047757388648,-0.013507823245681295,-0.003320730332825288,-0.0009085555552129346,0.010015314651536928,0.0018978268127400888
0.011506920319433163,-0.004246558998432289,0.021218542242609384,0.004864395982516882,0.0061290035287645,0.003739841510076891
0.023780279331359098,-0.01127044156425315,-0.00021101437133950337,0.005546306808208415,0.007188648395149173,0.00035667194221011833
0.0009347037087676907,-0.0016789307286776065,0.0031792288565861077,-0.0033558949693977664,0.007468695123491459,0.005282254329749936
0.009852668584899308,-0.007414382583258659,-0.006798394274861983,-0.0009593026768378349,0.01129815576666884,0.00027548183892078804
-0.019521074127457138,-0.012221230780396853,-0.025885760105136303,-0.007468066434338603,0.007781019502433359,-0.005569722252617426
0.028194011393448983,0.010064348608496664,0.014329035554604972,0.014578377204004964,0.00996267620483134,0.005369014643958003
-0.008062590796957862,-0.001960991496683416,-0.005926388939254773,0.013912506057840975,0.006889568732845411,0.0012532727238796504
-0.0007684938018796412,0.006569775605545894,0.011040512829421829,0.009815022225097442,-0.0007214727107904992,0.007840591898404803
-0.023172733594094115,0.004771491610930762,-0.012456019576818281,-0.0021041070794796573,0.011635304633314964,-0.00036853301202766087
0.00839259773927045,0.009416622071456906,0.008614513285047278,-0.008878754986582778,0.010700130609479686,-0.0035156877607932513
0.014483263675056283,0.0035993207554011397,0.01559690999986778,-0.008218618396268954,0.012830681595224607,-0.0013050961134796202
0.018676176556627476,0.0006770830170464033,-0.0010277354886014307,0.007403466249221748,-0.010321175971386539,-0.003289278113945082
0.005254252724909489,-0.003509972302367579,0.015965949307446863,0.00035244975466916517,0.0035585920433970977,0.0027632870875580196
0.0015049186289708728,0.0012696489458731426,-0.0033817242924835383,-0.004984284038303245,-0.0023815468556418226,-6.870120538793323e-06
0.008585249560150348,-0.019452928687252,0.0020387565159506772,-0.00035163924512377257,0.028763807720757588,0.003641105118425747
-0.011221330280367573,-0.009732696378763271,-0.011246488353354294,-0.00964069008710642,-0.01576691227324367,-0.0003966902079042267
-0.013046341479051083,0.015054728846278339,-0.006117367087216257,0.001113349919645471,0.0035617685604538226,0.0007115197468861023
-0.027426512817830238,-0.006813315644600239,-0.022845876543497984,-0.017754788604443343,-0.0038317350060483304,-0.008169482334351885
-0.0149546673329324,0.0014194000547388345,-0.009714675634078728,-0.019512409470542256,0.0006676496443072759,-0.005527978766503461
-0.0039048643066035868,-0.0006311329888892661,-0.012048957189360896,-0.003981314211535031,-0.0030460428823815043,-0.00039511662920677093
0.016991151908297423,0.007523525771007651,0.0026509313494492196,-0.010656939369143676,0.014342202256486384,-0.0014179036575431292
-0.05644760280048799,-0.023155125883558718,-0.05868909215394482,-0.03887780601031665,-0.04757321119618255,-0.0328642290012785
-0.012595557786017461,-0.012785512263998896,-0.01516124114029633,-0.008858827647199155,-0.030553106551348738,-0.02057300761734404
0.027594260525774454,0.011411975919683265,0.03753352138922871,0.02177879140230964,0.013840181443780917,0.014206197825152422
-0.0018304905697539501,-0.007253529152037834,-0.015836569029545007,0.003009507668831404,-0.0064343003004014845,-0.005904978964482943
0.0305757727286452,-0.015432568585794646,0.032204092011257866,0.022372574469947785,0.006304204333672912,0.02149560016316343
0.02854858491820666,0.008624015240412999,0.003468397303531059,-0.013082416940008277,-0.014633987857337867,-0.00025266233815879335
-0.039642406739935424,-0.016374964570270233,-0.03009712713382455,-0.013456069386465019,0.00013734526346636839,-0.014391922356395415
-0.02199237991393369,-0.011186172220815402,-0.0015159743969002108,0.0009200396073183105,5.8993908981349435e-05,-0.00036116989772350117
-0.003603091172217604,-0.0009694692684254875,0.012201390248210807,0.0036332923184100785,-0.007174606802206323,-0.004299527548581317
-0.001322259934129103,-0.012262303961008204,-0.009811165602322692,-0.007099046743867652,-0.03646694913730445,-0.005511829997012829
-0.06355206569867326,-0.025685524789694915,-0.056535330945229334,-0.030351535417506875,-0.04632059992120192,-0.030864433977743855
0.02222823352853919,0.014843405480175525,0.06474189777466462,0.028857142650883398,0.030951707360577528,0.018625040052811848
-0.029993709357608474,0.016771783442149493,-0.05982192057527197,0.013406373720812612,0.004655104344097155,-0.017327264039978307
-0.036418498120629694,-0.01952560409323487,-0.05568744350015044,0.008288845837427958,-0.01677571827244218,-0.0065595995737004476
0.026664858091946193,0.03639053391254085,-0.0012474783115396623,0.021048521431269982,0.028769106908198807,0.015666780052058682
0.033004404031110504,0.0015410652636495355,0.04079280544068986,0.003718028985789417,0.006491984840977732,0.010851331974038647
0.03835343420815038,-0.0042739362962455636,0.02809848418825756,0.01805276301185575,-0.005178457379231814,0.010557843693063784
-0.030457816362050114,0.0035167267682902105,-0.0017125394801349354,-0.0058369364233109,-0.015855637104396508,-0.0063166863793988615
0.006676317406059885,-0.006674106001064824,-0.01654017366320379,0.001120899992946455,0.020432746579361748,0.005600317169601965
-0.005235758212323957,0.006544738945151827,0.00889470082483901,0.001130750420867406,0.005401540931905749,0.006259295774170726
0.04195863797185519,0.015470679413141173,0.05935640362836277,0.025107833215984966,0.00925883593200531,0.021208856064105275
-0.02147792403517608,0.004790516173565364,-0.001892045128011613,-0.014347166912991927,-0.03852504963828461,-0.0025089163835961825
-0.02428143709614535,-0.0008209820705342806,-0.022163400388080592,-0.012280029473649662,-0.0023760615561435844,-0.00919901370610332
-0.03832212986039285,-0.005657198398118387,-0.03869312788707261,-0.015360510665264365,-0.02240925544388074,-0.01970148934024063
-0.002451220387384374,-0.0002528392378918157,-0.0025865116563864705,0.019056551745109607,-0.02149018433854763,-0.0014819196931705747
-0.012817201810470346,-0.007439858746387678,-0.014949942371368184,-0.008711758739473148,0.006725332621657728,-0.007567410690302756
0.010552426711415468,-0.01744820201578579,0.015227680106422172,-0.009873129429706765,0.017755392130523778,0.010593753366266334
-0.014364180872234419,0.01881375890646968,-0.010314576787730189,-0.018470922418524584,0.013327391534170256,0.0022233054237545957
-0.02407859492619292,-0.02730320227098478,-0.0465047058158979,-0.029861416339793865,0.0037563217684982177,-0.01664310858849427
-0.021701849851805895,0.03800551936498203,-0.011119195388421965,-0.01711647872293414,-0.03453820393207003,-0.01815124083246611
0.0020529213877972137,0.014642227944620815,0.013526039577538191,0.012845741409536463,0.021843748586439043,0.0030432907461763747
-0.014281693033708652,0.016284743712106756,-0.008949231348437893,0.004424581842453507,-0.028140675387075733,-0.006554842390161242
0.018395874504000414,-0.0072530696825401555,0.0455123939847664,0.023340160033681154,0.013891901520138675,0.0155323683669224
0.013204662993163592,-0.007416675450340989,0.00045251152885988964,0.008906720325931308,0.006667813182545221,0.003261692144003847
0.0437340789243703,0.009511457382210738,0.0541469552749516,0.018517074582693627,0.017913885260501916,0.022973979644221654
0.0006019594072238394,0.04174476927844211,-0.00288902672158646,-0.004114045553468867,0.006758732778542241,-0.0021831080910337253
0.0045068463989401146,-0.0036261817183581993,0.009006582428795564,0.009583943130979584,-0.007671980478560767,0.008170747552017188
0.019728414068538667,-0.007795669031557,0.03765314097906745,0.0017320971183258664,0.0384442607057768,0.010941426132194287
-0.04979773015587988,-0.02193214355553717,-0.053608697522584306,-0.01705625602715313,-0.030419596412636064,-0.03236490314939877
0.01646623798354064,-0.02020168568506262,0.016434503016156704,0.009697660745822538,-0.006764032271707982,-0.0015222281477752508
-0.03681753664656903,-0.013238880667709011,-0.039474873691679645,-0.02750429107443362,-0.00906186551243874,-0.023320118765389863
0.007816789822175717,-0.0037760606663378195,0.00943377802756164,0.0008037355383233946,-0.009448891360807324,0.0017621539947350051
-0.007516544342119565,-0.007343316411344235,0.003941979921500189,0.0002499951782735366,0.003118039512467766,-0.00035634616892232795
0.03138346284410741,-0.009234409814956249,0.011076501489450248,0.016089346201246017,-0.0010830979303538078,0.005419503676349802
-0.0021136895424661885,0.003476304068590076,-0.0018433943209572416,-0.012337774297264906,0.012013806057345021,-0.00019993032368359476
-0.02465370088661713,-0.016556767444217562,-0.03545631115988033,-0.011479109381721893,-0.022135217016814146,-0.019086709555430348
-0.014998869157007825,-0.0014876190315135105,-0.03928764115022876,-0.019644352925096118,-0.019566866760059434,-0.020773480559224233
0.0030700372031621003,0.004132579973765506,0.0175317449045007,0.010955264624198739,-0.020129336473752327,8.640058610476231e-05
-0.01391433235553513,-0.019720958232837597,-0.02735623731178102,-0.02291839662639292,-0.011080447482909284,-0.01539571453679811
-0.01643460622469689,-0.028507324023062292,-0.02105412757829523,-0.012256883367648828,-0.02026638684873754,-0.01577210632742365
-0.04226804666380457,0.005686586796271641,-0.049258699092581036,-0.03254270778870855,-0.004015690975459851,-0.020588228309714296
-0.03364086762852692,-0.021076530362434235,-0.023744002576538175,-0.011667442511919658,-0.04311714548990612,-0.027112254452099527
0.05979984223886776,0.03775264406378138,0.0861827399323034,0.04823940418477639,0.07343652656183232,0.04959374278953943
0.013349085417754022,0.0015129725104302705,-0.0029634045994758893,0.0019107515724230018,0.011915613196170845,0.008562680784222065
-0.0031128736136082874,0.002314628259630243,0.005983194071617462,-0.005436624073317396,-0.007718472152388399,-0.0012415825080966947
0.022737623353242014,0.00010733424104983229,0.012919530739644533,-0.00048594808752371385,0.00846259827803283,0.00849248413140935
0.004732863134109889,-0.005861284805183105,0.01831589646916295,-0.0028411930608038542,0.01640483458345797,0.0012684969251244294
-0.01128030366076715,-0.002521156090063219,-0.027768320252406557,-0.02265130962089913,-0.017307582953559435,-0.02475673039503723
0.06989948331988981,0.020905354099888834,0.050201934263078014,0.03026001654400773,0.02499313208720323,0.03433571464262353
0.032996021484547375,0.011227194523482961,0.02416241742698578,0.01064440988941545,-0.0016348915837736983,0.007010434848680358
0.009287258788892238,-0.010824889876611812,0.013899804153949853,0.008702784321735145,0.009626666180446037,0.009695285023358924
0.00024544587990185977,0.010007236011142525,0.0030613073954918074,-0.010862826627764664,0.02918372949612738,0.004098045450532162
-0.0015862930077144982,-0.0026200170022683007,-0.002707739991504801,0.0002323921090259381,0.0173802303024188,0.004518418782931244
0.017305107490375907,0.008155820183332323,-0.009456413722082746,-0.006991003772604377,-0.02028193241515535,-0.00014629784190933748
-0.012104019819644388,-0.01066864522310243,-0.012908754243801134,0.007558105557175024,-0.009677081445671943,-0.005257525167898014
0.04522035232454315,-0.009122527669499348,0.03360910578782803,0.010826302315447168,0.004896029534747629,0.010721688622945758
-0.006616066931658572,-0.0023047020064622383,0.00481870803621205,-0.0028866132127037996,-0.0055568604257985035,0.0022219854881162515
0.0014058266912852023,0.026605933653932268,0.006198497862333519,0.013179092584223206,0.017552833180497617,0.0075914003822110665
-0.011715652004663459,0.026874051322266307,0.004571430741940735,0.014943325418221035,0.013981137568570726,0.01318305304897005
-0.03714844940475482,-0.01164660537146882,-0.03312384570245634,-0.024667657489255215,-0.02870148649703822,-0.014157306164566674
-0.0033714133025542652,0.018906502879185313,0.005361410900571439,0.008418249019270102,-0.0004913337952656351,0.0022029127742235755
0.005441801387899629,0.018995555526920158,0.005888947893945503,0.0038247032855130347,0.0062011141609680225,0.0013757255543636049
0.020107748877826657,0.01238187454557814,0.009767760726523396,-0.002937252455122345,0.010893634928768279,0.008488694060713842
-0.002874795958814281,-0.002711904276370909,-0.019349741639465703,0.003922913303991501,-0.02132338070179904,-0.007846827493937836
-0.009483020792377403,-0.02244601675342299,-0.023113481969660357,0.0001708764903091089,-0.00022993318033783577,-0.0014562465775435074
0.020598336829015334,0.005982977528482791,0.04275149442959959,0.01736118367720414,0.006480466501175222,0.01554926091974429
0.008601501578417908,0.007548754818596071,0.021428905111032667,0.00015189212335248783,0.026640168948370988,0.008597395948725328
-0.039066226207417995,-0.014934987746159605,-0.040571225540619475,0.014678842572854364,0.016835848989044385,0.0008986100931438479
0.01738465425948383,0.00886804313135072,0.010066414993794529,0.013398028643502227,0.016009493900413285,0.006776236617404008
0.0016064481240456677,0.021950669288688468,0.014826625905103181,0.017674618458676992,-0.0067985923740334535,0.00470842037697472
-0.022749410671525985,0.0007882090599535674,-0.013246690254285978,0.004192512059757327,-0.0026219935563412703,-0.0022244379802809355
-0.022804243556341773,0.004207041290862125,-0.014441112850665643,0.002719038160297756,-0.020458778231650494,-0.009357140143940179
0.018184896013217964,0.002579874260975947,-0.011466668245303025,0.012754741387796894,-0.010819181829070785,0.0006762010869560964
0.0004019676207267736,0.019030625811274134,0.0006537136465333162,-0.017028835628687407,0.004790775256795025,0.0007091030986317026
0.01595249735124715,-0.021337765037452387,0.026744289346193207,0.0046996110392235725,0.01107405338112266,0.0128902247439735
-0.0019099761053296609,0.007615061229852601,0.0006792594981085364,0.005705109111842048,0.004170403726157171,0.003023994668760688
0.01056715257507489,-0.02996437757001059,-0.007085832859929075,-0.002927405616286556,0.01540825087671618,-0.002651641555101225
0.005009106691006367,-0.003793885209267671,-0.005565420473701103,0.004920823422845623,0.014830743982980397,0.01087875260858695
0.01125830955758618,0.00039857504794929864,0.009149163543425138,0.0034458085818417574,-0.007554203455418053,0.0014987433214488366
0.004712049659456965,-0.015105499095486396,-0.0036929294316852047,-0.001092928044413299,0.014190517666322015,0.0017771107537685182
0.004743489568949984,-0.037386432314982204,-0.00043354071412442973,-0.008913918579887565,-0.006252919047149863,-0.003526436790880272
0.010718855236978386,0.026743573291617685,0.009239410315734355,-0.004507613894730028,-0.0018270575705258895,0.006411102394986878
0.006969294482751079,-0.018839561919913893,0.0013986191881285926,-0.00935665791550171,-0.008091179749248069,0.0012318625699112573
-0.0012938936245493766,-0.006704579427457512,0.0031897658352594755,0.01496655809841695,-0.0031509177522183428,-0.0007904570968998437
-0.00039174060969007784,0.001060669639102244,0.0019185872773021925,-0.002865991783502851,0.0037596506338785493,-0.0005440493877303387
-0.010619610864975263,0.003131395852527345,-0.00029027651999382297,-0.03979546171441063,-0.015900028236912993,-0.0028255083152146643
-0.001730795703488212,-0.006659687017258672,0.017146116279175103,0.009468986991992282,0.015642046339023902,0.00689532059343434
-0.01125674534075738,-0.0045290625945723665,0.01098041584289712,-0.005089573576503464,0.01146397538982638,-0.003880558492514008
0.00474865989053451,0.00032414237791543313,-0.00051271357295956,0.007294406006128643,-0.008254851667235705,-0.001131532823106185
0.005644615992183104,-0.008625901858091941,-0.010397599325844257,-0.0010002584490007244,-0.008212973860013368,-0.006524098653592381
-0.021235514834020024,-0.007293105346295546,-0.021772271589206794,-0.017758123393528367,-0.006145317976902745,-0.00812571755868352
-0.0089673037326631,0.003728340549589835,-0.0022265595400648226,-0.012871684454667486,-0.02997992775719196,-0.0021316888487414865
0.01470119663215893,-0.004495486908524279,0.029055075410110737,0.006028015369452516,0.007935469835408727,0.014666041867757107
-0.0009141619611672112,-0.019457598616657645,0.004214363946335458,-0.005723262966665735,-0.002507212116247563,0.0029533182046204143
0.01028133458834213,0.022566951170593496,0.008713102740448538,0.002960275256990427,0.023385214336409634,0.006949583813841809
-0.008690998514986186,-0.0004687470879135906,-0.0028855120479386316,-0.0004958703508667525,-0.003852467791156475,-0.0008680223820187738
0.005233913381991898,-0.0024814474067652685,0.012596068845176426,0.0050397377024141024,0.007576287604458549,0.00498490290027398
0.00029400193236436855,0.005205852469291945,0.014217906808203274,0.005329337955696155,0.0019007498530466652,0.0037059469012648005
-0.012274085908694747,0.004565823914382116,0.009844555647501335,0.008373871266736948,-0.004574352812971217,-0.0001305615560248663
-0.0034583731122746035,-0.016022209967772007,0.01701578846023316,0.0022380686491274442,0.0018172126789301212,-0.0029443536044478913
0.012004090866523905,0.0039173568671311025,0.012933632352833064,0.013770094498550465,0.007845207774033025,0.010852481049954399
-0.04380854873323908,-0.009423921043295846,-0.028122831826133964,-0.02277593705391356,-0.028609159774355818,-0.018974501239482744
0.008013999083976285,0.008692078890796696,0.002907210937215535,0.007970113813961972,0.011087243619024599,-0.000839020658475631
-0.0006916966092453782,0.014400793395748837,0.0031606192451211746,0.00230288063076356,0.019421848945942736,0.007182725862306283
-0.007543632046069309,0.015286831804863314,-0.00992054089111501,-0.013848901312130454,-0.009505538370601335,-0.0046443248906916645
-0.0006420555146575225,0.014126219883256354,0.0027147852288292736,-0.004376575532397015,-0.0059735714840185965,0.003589481529391092
0.0004585966709127895,0.009112083641637729,0.004826828649251533,0.004115719205261339,-0.007107579066434923,0.0067342800173637585
0.022729508928679806,-0.016637765839628622,0.0172754498860117,0.011561795507894896,0.013904612938790056,0.011568600124275408
-0.00855579248312385,-0.006477442533634204,0.0008529658468790171,0.001772153859368392,-0.01569998185767908,1.745570720723677e-05
0.005383895998799654,0.013695434317950754,0.00438621941258809,0.008660708552951837,-0.011180426851044884,0.002148376881724312
-0.0006002883638411836,-0.003671338727756924,-0.0002499112355728619,0.005432755856711958,-0.0029258358991826245,0.0020846350796801527
0.003459589591219588,0.015462472694646212,0.006794155344574239,0.001323249086318065,0.014221470469623958,0.004636432770241061
0.03597815317609064,-0.024509865960124617,0.004538194371102437,0.005987889151396875,0.005977884637584698,0.0010474599539205265
0.0001810581687698713,0.002448564196352673,-0.006956682701643452,0.0019768553578351513,-0.012012066431489807,-0.006067494393846573
-0.0021623277729432076,-0.00386468460302757,0.006150499271515242,0.005910337798617326,0.015384699863896702,0.0034778715639784963
0.006594007310501774,0.007551321179897805,-0.0008023671867133039,0.006108662114838772,-0.006888169817431223,3.8123067008344336e-05
-0.01201392593967979,0.001744058971799786,0.002013334028598015,0.006563482396947612,0.00462957080929194,0.006609324208602496
0.0007619730896978534,-0.0018428407259814866,0.0011690796947586427,-7.200791253792816e-05,-0.011474185646136037,-0.0006293691084816588
0.020984162555366698,-0.007949716930004408,0.007420949043336309,0.0011962435810996118,-0.005429733745884194,0.0005093580038946222
-0.007910000643901438,0.01686121917539316,0.003260720462589974,-0.008472220405291095,-0.0008863179571584664,-0.0022738117853239315
0.008632410401684285,0.006070358670450889,0.000626684254235976,-0.0024711269542653886,0.0011542712008365942,0.0015790922795098083
0.019197916009872567,-0.006378351711127042,0.011667261446565042,-0.00656086403596786,0.016433853110974284,0.001012017561471401
0.01299602549839169,0.00690943944251467,0.017350393334328723,0.014784959731231319,-0.006271705184672578,0.008841205788409079
-0.028454164032691614,0.022879052093117403,-0.009541481185420734,-0.009346024984731005,-0.02709336008177071,-0.002191763174733685
-0.004520279675489684,-0.010105716171413315,0.0053983666693786575,0.0019310262917236112,-0.008984255345706633,-0.0003689736527457965
0.04693991212339407,-0.007714606634887147,0.01885432894710708,0.011929318739184711,-0.01654785462820769,0.0046852921407636305
-0.003513177925445989,-0.004151466254055646,-0.003044475575589201,0.009032265825828497,-0.0015049758508584566,0.001071522174355355
-0.0005110214340600899,-0.0020183149893175196,-0.014587948480095439,-0.0027738467387027556,0.009979351917594699,0.0009514170090862972
0.02021084040832969,0.0001365948343968201,-0.010774437461568523,-0.010122368093677144,-0.009237637233596496,-0.007502163081421376
0.0007623098974492104,0.00455829490776431,-0.00648266941450056,-0.0020408600666731542,-0.019013894069775834,-0.0021239857917741967
0.015418505433963574,0.015589762296834453,0.02891820780459254,-0.0064927464817294495,0.010513539971553968,0.009638279380647763
-0.017570207138400486,0.006105190638729169,-0.004681176336644444,-0.018330938988988844,-0.001630948621225309,-0.004470988428756373
-0.033317785254257035,-0.016923074606790316,-0.015581747614484113,-0.009781472390676449,-0.013201690834318736,-0.016511651392423388
-0.009167870298343197,0.009823893595830002,-0.0023967908208617143,-0.010622702756916421,0.004667728823264562,-0.0016054253132695706
-0.0019629458294273725,-0.00019700242588141064,-0.007626574084149614,-0.013185350014548583,0.006118317480972703,-0.0030214249424966866
0.00770256152053546,-0.00042537943777244344,-0.0017724937004285346,0.005345227544161092,0.010165492570186431,0.0037202972597878414
-0.03792660815547101,-0.008980041030058748,-0.03367043044927899,-0.020258737915993554,-0.011947762609792993,-0.02413055719884427
0.005201733797698948,-0.003586849059626372,0.006953376395164814,0.0171264702252343,0.01647051130291389,0.008015944543135589
0.028083906280322934,0.00937637241486926,0.019594419538097815,-0.002632962379324512,-0.002311066426581772,0.00583897507464215
0.026782637977147555,0.008753884279641659,0.01872283784745764,-0.0018794763808890355,0.007602939997884177,0.008895287120600504
-0.00030406825737681225,0.02765377475444737,-0.017383136832500184,-0.011475318290725116,-0.005608155242717919,-0.005837333350761975
-0.012748339818638864,0.004407816311092297,-0.009047183757485377,-0.002471754636491766,0.004945975983858851,-0.0067493779153879885
-0.0026477248308471152,0.0017988659477526881,0.0018011122173771093,0.01062420035873065,0.015465429073381812,0.008495835590448308
0.0019124150476769847,-0.002178643331211572,0.0017316573077632653,-0.0015384240802462177,-0.009072814764511057,-0.0028243962306494508
-0.03149365599813449,-0.005777935246237404,-0.019645953481731645,-0.01134681152249883,-0.04879722929727425,-0.01191414994527018
0.009500656908709642,-0.007401777826804277,0.002178429448890455,-0.005700336192936932,0.006643638039904734,0.0013535590072402126
0.0027131960549455505,-0.0032344610713516296,0.004862996818759588,-0.006279654286732074,0.000979812592880719,-0.008375676922946718
-0.017679663784252817,-0.011747566536292251,-0.010069624445423253,0.0010643166990370308,-0.0012052977896958373,-0.0069119122568113145
0.0066245453064878515,0.021663865741232483,7.239103255593013e-05,0.0025305384378584627,-0.017771588193013006,0.0020984713906617714
-0.017303148665731016,0.009390825305631994,-0.02032117044138978,-0.01340973544303607,-0.0025120276286268017,-0.01319537280847849
-0.01137476741382576,-0.012050169692757854,-0.04598952799142888,0.0037325178137510694,0.009818897904478053,-0.0027652403144732274
0.0273907716771673,0.029037755168988832,0.02192148586345302,0.035663283586931854,-0.0018974049977891715,0.021432370568193138
0.002881423205704025,0.014285370899217683,0.005145626902677554,0.005468708241401175,-0.02685203310992952,0.008161854781411959
-0.005043036289890716,0.004684951534068497,0.009070432574135673,-0.0010159054696092843,0.020395117869024704,0.006135586748687638
0.020017190725084514,-0.0009192737874576975,0.02710757956083017,0.014157955952081332,0.012173937102981501,0.01049769746289475
-0.0038756905385874583,-0.014464034673084616,0.025542302764906134,-0.00607310333107159,0.005294358733524557,0.0046600444669098184
0.0008867930144272474,-0.007460137709613148,0.0004623518578539047,0.007401314420005416,-0.007313705438527443,-0.00034988023558091275
-0.011879612084256821,0.009207878692121339,-0.0041550438077006474,0.0041366297217985985,-0.005895756087848858,-0.0020375791387226005
0.0005202202189548734,-0.0006753382532917505,0.008219195248262895,0.010261137219950093,0.007757646442529194,0.004097381912668174
0.012027280334622461,-0.0018345482166360445,-0.0006782050556864707,0.0032207173723838222,-0.0030274172932241183,-0.001611511904139773
0.02263361332019419,0.008176078526910787,0.007544439704389947,0.0015671653258763642,0.002442591817596996,0.0009317492412306283
0.010024078384821337,-0.00036274957610833405,0.00992062624874463,0.008756045336329702,0.014106307743222172,0.009717399870633026
0.01581774872507136,-0.006986035046394934,0.0030619402343656757,0.012754022839139078,-0.002001486624873539,0.002985163546397107
0.011593740232610256,0.0002670688661223981,0.005987867269219292,0.0003229001368076328,0.01664547829492026,0.009472185190685156
-0.0015252878308766801,-0.004287362426711223,-0.0011146927263082924,0.0054373437762229365,-0.00327293395786748,-0.0012592227925193322
0.001438331463119904,-0.023418969214964166,0.0009928919392933942,-0.0028166086662132694,0.0027071917714617875,-0.0017318870104667816
-0.019628586361124394,-0.011097609800194263,-0.021456009132994853,-0.0029809723882821227,-0.011574064684093978,-0.009496397343734198
0.0012933982653667968,-0.007020398947813374,0.0073336970245489255,-0.0161358522382929,0.040006926358418925,-0.0012339337557076835
0.012291414534074382,0.014497539752490378,0.001972920837584411,0.01608107674222612,-0.020053358207189655,0.003823175554131808
-0.006183252194134099,0.0015384611554031104,-0.0034268483737979077,0.019684230604910632,-0.001641985659559077,0.0057574526279098315
0.022246566004834628,-0.021760365117347767,0.01476842705050591,0.006220092122848123,0.01683570692078002,0.007672301032188189
0.001016393777037069,0.01501229497658233,0.007137675584018567,0.0071901084362745405,-0.029324050468694532,0.002928125887423194
0.017806703981461,0.014709004713967107,0.004038541025498669,0.00653011528415193,0.005069153981810495,0.007672378673070135
0.0013988562122903606,-0.007446547994895007,0.0022160301258066714,0.0013422828675543142,-0.007810644848362424,-0.00180590159841032
-0.009196026103272484,-0.0020536104611649153,0.001279905396834094,-0.018867271046013448,0.00022183221188808877,-0.004835444424841517
0.0023521135643350074,0.003448129057896195,0.01360339975025224,0.001531538707309686,-0.0004648972609968711,0.0012365569653400854
0.005538815887477616,-0.017136316476192424,0.013861671435201905,-9.028564238284519e-07,0.02062036526864688,0.0045106896075925995
0.0005014208744767833,-0.006015630120147375,-0.004637371674646642,0.003367422386788326,0.003338484328794315,0.002285226738359958
-0.00052757757985403,0.009029433448276506,0.004372316964309118,0.006902495853136353,0.004424233557168856,0.004620174547884881
-0.00829695487413487,-0.02145711636412157,0.004252936020156017,0.0008476092182028209,-0.014400885527931492,0.00017586919155743175
-0.01661033960925665,-0.04837840449172153,-0.005469330786886096,0.011734608395296489,-0.01393547313331356,-0.003403778522185874
-0.001450768472058016,0.019221210802254318,-0.007964216489035078,-0.012685725287652355,-0.001716697888647451,-0.006531243569450895
-0.05198435392905771,-0.001867360363809479,-0.004723715506849366,0.008540204259925516,0.007258720039651474,0.003581997784064761
-0.017605711824377087,0.005368335822936648,-0.006582670709404893,-0.00820473931634071,0.004720401226338546,-0.00617673452276668
-0.005412251602633845,-0.01638371370830011,0.010693158364213966,0.007311431070721198,0.0016803793296226834,0.002828694915066654
0.0009403357617039556,-0.009372779104748825,0.005130921703010939,0.0061387489432087605,-0.0015495769042109947,0.006847482673755456
0.02286465774369175,0.017388566103096047,0.0028173525088218314,0.005833727124256547,-0.0025039021856330117,0.004688147952890187
0.007527525108288768,-0.0013449318146445696,-0.010923141700697622,-0.008723149385766614,-0.01512115128614879,-0.005262401280453521
0.015761104175026314,0.0035070792851461872,0.005054980089413398,0.01146988733003321,-0.0056056582059282566,0.007387691099234761
-0.005327116919232652,-0.022242823266422983,-0.012492040941599041,-0.007611090221945296,-0.0067412632823907505,-0.0016161146071345112
0.012284377016539541,-0.02156654566535628,-0.007621411056857055,-0.017097308075716435,0.017606731927784097,-0.0025786549148275606
-0.006898692054390528,-0.010227836784282057,-0.016978213945043372,-0.01590499080222037,-0.008756445825856779,-0.010885526112695776
-0.014178694082143305,0.008785355445795836,-0.003685361920150216,-0.008314260879983527,-0.007728897553088013,-0.00899879386967306
-0.008913262964215699,-0.00024067378190406608,-0.015367390270060814,-0.018774576820925624,-0.03297293341135332,-0.007282739927037873
-0.029320640677303042,-0.008750566854416499,-0.032717220437748315,-0.022538555760472735,-0.027766697680877816,-0.0297778200029859
0.01681306331921266,0.0014147482546472661,0.013977030810648109,0.005380085574526153,-0.005850702015367999,0.013017017169932643
-0.004508449629070047,0.022128909585388552,0.0032776322125098734,0.002641036932934798,-0.01372854258206857,0.0007668762331907164
0.025055272110858857,0.09107249199151807,0.02314763669115569,0.029004152319794203,0.031383897437961876,0.018762303409984193
-0.01140542114445617,0.005899187813709577,-0.013192727888698115,-0.009960202031015395,-0.016820703964800506,-0.00661660635492356
-0.0020748476937766276,-0.014836163451721883,-0.012471459500797337,-0.008050430891070567,-0.01413180899675756,-0.012317322177972212
0.008743468408461484,0.010396972082985925,0.021577265645529184,0.007888624108265695,0.013240356594102184,0.015131688322181258
-0.03784051492570436,-0.006526766806662337,-0.0321454641418223,-0.025082791033028337,-0.037508457902841456,-0.029292752911742603
0.001226374268492694,-0.010041320851302308,0.005281274384898519,0.0023856665152778775,-0.01450035305251598,0.0024642680276520945
0.01817171003991104,-0.00011321260648621705,0.01056829261507351,0.010053371561884057,0.008758180300560857,0.014426124657807904
0.010533368896186234,-0.010839124143215488,0.014330692732161785,0.012812971932294545,0.04068848655031354,0.012105865492430645
-0.01631560123430417,0.007838516185544823,-0.008898314503993634,-0.003249061877195929,-0.019814949957875166,-0.007914727601131322
0.007183168357196981,-0.00939894346174596,0.011405642185874061,0.006680603295032149,0.0017784190276860926,0.00824679859557964
-0.018160815444660052,0.0007831839421905329,-0.008600498734134121,0.0005658645709094017,-0.005951834886597205,-0.0005060748601761755
-0.018117896327538404,-0.012756835890964085,-0.031043603957314137,-0.02433126884120451,-0.03180340875948312,-0.025946336754618105
0.021982000324962808,0.0019416604866094142,0.01227303648030146,0.006191800970219699,0.015940174150607497,0.010982987735216332
-0.006242986034461705,-0.01686516995710563,-0.002622237045530945,-0.0009072079952070762,-0.005466543447895485,-0.003203180635808267
0.002301709549873244,0.013100437102954832,0.001194911328383476,0.009922117247761214,0.016639929995454914,0.006545480165679685
0.018325301297021986,-0.00587097839381246,0.014421277993616163,0.007292743771884197,0.006552836622151353,0.012687291793508804
-0.003092435062635695,0.0059021249429211855,-0.004719323459322425,0.0011436708801155656,-0.0009308261224944297,0.0006427872591217021
-0.0027885000002799295,-0.006572925542432518,0.0010567387702209,-0.0056281049981763654,-0.00457456443626177,-0.00689910050906084
0.013978128663188994,0.033170288883783414,0.007910823238814667,0.0036283065288844783,0.02103186571414223,0.010842079212828093
0.01210371265462088,0.017955000312064772,0.022081162704274286,0.023162253752434952,0.003181324944218058,0.013009813642266721
-0.007771518357583276,-0.005841655725181222,-0.0043075029143011265,-0.000917557591605385,0.003716185588340241,0.0009106051537297599
0.013329718774920344,0.007544484441598094,-0.0023213149392699067,0.000992697201815332,0.021364206780077746,-9.401025965849463e-05
-0.016435504885646175,0.012142805583541763,-0.005346156226293419,0.0062864484960882825,0.02334669401676678,0.0003223043548219451
0.007306090223745344,0.004594460192057521,0.0029358479073412274,0.009839111157308233,0.01101604285948286,0.007229681189480308
0.00297448072444004,-0.016487367991365857,0.011077130293315043,0.0008958901514339528,-0.011182654323620178,0.002879153101061016
0.009484844494512689,0.003541244001111801,-0.0013272948467083672,0.007067039128445096,0.01409174974355609,-0.0007244143620946941
-0.0034311027665945523,0.007955433570317019,-0.014096103539658974,-0.007050622542047439,0.07523324559957953,-0.0031355866640028207
0.006835992282872751,-3.324708417454218e-05,0.006528415635291932,0.007940865964014766,-0.0167533518776714,0.0025817523700197853
-0.017822796307664358,0.003674436384979723,-0.00047368930407782424,0.0011906084087940849,-0.015079401297232285,0.00034269198975556137
-0.006262385706328856,0.0018424333607281642,0.0047913986459418665,0.0016775882266330444,-0.0010621850920859892,1.997472142156731e-05
-0.028067986853765717,0.0021560384362963635,-0.013407173267808149,-0.0010959609013619367,0.01302024353792108,-0.0048955765157830955
-0.008417078372864773,4.856273833655178e-05,-0.0032586153851305033,-0.005069756488592931,-0.007829934331178066,-9.693591923765066e-05
-0.022022188215559242,-0.004674220515358425,-0.02102289251434503,-0.003146599237703035,-0.014939715457427255,-0.008416371322106486
0.03302165595404685,-0.0036383657990305875,0.016368940367824516,0.00854111815794798,0.0016479927181142413,0.006158571742003405
-0.012788540186385611,-0.0032269805267037795,-0.011822137217842876,-0.006961783967452929,-0.026369211906813315,-0.002428916406865711
-0.004392110039144183,0.0031872923894012764,-0.009555915791594937,-0.00532185446471752,0.0013742714226089314,-0.005316352490240539
0.0113144065673148,0.011505691968687674,0.005067397670752392,0.01585994667789516,-0.012394423335950078,0.005047606675254723
-0.006703359018915393,0.005034716325721521,-0.003828765064399165,0.000724253995706004,-0.02891760031857186,-0.012258373372913245
-0.012723287061382779,-0.007282485903610273,-0.015277208191012996,-0.015049433792892392,-0.03627019124543363,-0.017903202985502964
0.009849772751370053,0.007605526572048904,0.007797103328874018,0.0014077925586630426,0.009066055211160275,0.00797191259701524
0.015657225189460403,-0.0052644910694802675,0.010902370337632144,0.0026869664313228167,-0.0018323080575617615,0.014216897585460186
-0.0029564802596844667,-0.008569439433644622,-0.004049424519667326,-0.00861655375160928,0.015498693616155577,-0.004478294673592398
-0.014189577540183733,0.018143349565968924,-0.014931835084170599,-0.0085532588443167,-0.012678958317046607,-0.015560819201407838
0.000446190505362574,-0.0040564699367914465,0.011204394329471956,0.010932030579476379,0.017710211083735532,0.0091044925499415
0.01806848202055143,0.009968147923309346,0.0010632258837501073,0.01490282536548245,0.01610640054267699,0.006415695380997066
0.011752464979380716,0.009980976204807002,0.006418745575577509,0.014643738956181205,0.011136164411913013,0.010938977513132997
0.0015401489516908868,-0.02292240944969656,0.0018228014231965182,-0.006887643018313368,-0.004513451865636351,-0.0013871187334510982
0.003839597641966489,-0.001706363167077562,0.017824419803365778,0.008176206409484214,-0.0019101656307575236,0.009955676641137279
0.00696911340806377,-0.005271735855725395,0.0029119428451577756,0.008351495402063338,-0.014428094464210358,-0.0019995427986508885
0.02134978695984838,-0.0006856081014417099,0.004275949465605671,0.0019648617983790825,-0.00013653679980085102,0.0027628315736780706
-0.03601723641641164,-0.0037644397314074603,-0.015042379897012303,-0.012287016330969791,-0.009247182281709808,-0.003919344949506964
0.004645124670502267,-0.0032649470820580416,0.012597531188720286,0.004732046057119531,0.03238214811975325,0.006871616056117524
-0.020946219438739422,-0.006119715917882208,-0.010347463869594214,0.0013853807038210725,0.010053452891265614,-0.003568666378412577
0.0046373962766135405,-0.0023755760084780966,0.0013237526084409119,0.007572513110145378,-0.002960733577905311,0.0028471487971184484
0.000329141143789521,0.009908185227398105,0.010482244399879322,-0.0009654433401419575,-0.0022091179644313473,0.0019204463587332299
0.008611682863468365,0.018808541307255365,-0.005642314655243024,0.001004811744270645,0.004395817092380816,0.004072700506109195
0.013112364895500196,-0.009466908708184802,0.01260751350168487,0.006167857273292761,-0.009456568674409036,0.005581337868471481
0.00033882162894423887,-0.009667322018554438,-0.010191127613035256,-0.007950639342247162,0.01859999784839063,-0.0008324053147991117
0.03220256636337022,0.018447327978082073,0.008533620311609287,-0.0035441446494110743,-0.029987131640061216,0.00325337015914573
-0.008374411333126804,-0.0014157532575005615,-0.0025957180515422907,-0.0009314626346091896,0.0017486913773014866,-0.0030228605633046968
0.0041735362649624715,-0.015120822459722544,0.007831354019657562,0.006508811714595626,0.028755221888673955,0.009662312168146059
