Date,Entertainment,Fast_Food,Tech,Transportation,Energy,S&P_500
2005-07-05,-0.002648868641063165,0.00423001635012491,0.03408077253629177,,0.019599170936482526,0.008832632317790745
2005-07-06,-0.0045413582963690965,-0.007549350582775016,-0.01186198059590702,,-0.009188759232366934,-0.008340358766109057
2005-07-07,-0.00484651420399315,0.006488186912627301,0.005259324935687385,,0.006073593236872264,0.0024520510273422502
2005-07-08,0.01616953837590482,0.02076732649562854,0.015604646202129221,,0.004777804485340858,0.011679055566465202
2005-07-11,0.0067242177576094415,0.007914614979368146,0.0018053247878049492,,0.00491044205523373,0.006254811732634646
2005-07-12,0.006204618993134889,0.0070684173196168135,0.0061552148482501646,,0.0063193025761298415,0.0022715506005615005
2005-07-13,0.0014177039786276368,0.009603557135970314,0.006967372779086861,,-0.002814212774147146,0.0008837091494260374
2005-07-14,0.009421942203980025,-0.0037595011696647763,0.04167481734084569,,-0.009810910115597359,0.0026240391362624127
2005-07-15,-0.0025673860798102023,0.036025197792055465,0.01094722017954562,,-0.0008010179175239274,0.001157801830666605
2005-07-18,-0.006863101464019297,-0.004262257524007091,-0.001874907191371206,,-0.003328558065054786,-0.005529707814430296
2005-07-19,-0.004370900631091835,0.0002752988658691604,0.03602773892868452,,0.01559377429208339,0.006731446013329201
2005-07-20,0.002306530343007578,0.007106471434489247,0.007020574259184345,,0.00043203611498788484,0.004758592509955806
2005-07-21,-0.00855554044306366,-0.00499688707371896,-0.004333576484553484,,-0.017397067123048195,-0.00660614672274995
2005-07-22,0.004149067710022076,0.0055201333071891664,0.0021806811698494746,,0.017694222442863526,0.0054114082972474
2005-07-25,-0.0015482262936488973,-0.006805160660327736,-0.0060675636456626585,,0.009602156479269253,-0.003769230441940885
2005-07-26,0.012162384755027554,-0.007018830812897426,-0.003668517557859488,,-0.009597891836512756,0.001733077981854514
2005-07-27,0.0035008346296996817,-0.005875740613279216,0.039775730648963024,,0.005548049774468422,0.0045729269359882085
2005-07-28,-0.008741083885845923,0.005800948206705241,0.005825289251194322,,0.007498367382381561,0.005603159325149543
2005-07-29,-0.011068007548287455,0.017540105502839465,-0.021104166616195952,,-0.011055043534385895,-0.00767047021589129
2005-08-01,0.0016488648939554816,0.002892728835358619,0.0029850646091180277,,0.008635752293767555,0.0009479345185350319
2005-08-02,0.00899792032814149,0.006801613184829484,0.019301960085872552,,0.016256782014716156,0.007099218605715496
2005-08-03,0.009018769884666765,-0.0028910577250916038,-0.0018793088275535046,,0.007946250269320394,0.0007395138322054962
2005-08-04,-0.0011080098374258022,-0.010524792986672577,-0.009533704979299739,,-0.0060369453816532855,-0.007373299992705418
2005-08-05,-0.0020760980319218954,-0.00033987071328215717,0.0004913424874100528,,-0.0066468710126401775,-0.007638358323871608
2005-08-08,0.0028700353269099236,0.016536297635170498,-0.004189303090886218,,0.013749270853903863,-0.0026826364089062027
2005-08-09,0.015357139977885405,0.011264077438178824,0.017575632390920755,,0.007032787681311066,0.006744990284814678
2005-08-10,-0.0051932681710672775,0.001491353977829734,-0.01528729745451604,,0.015666314656912494,-0.0018272182357014222
2005-08-11,0.009127541904822088,0.04214068840444202,0.009942811126903149,,0.005491661037281991,0.007061949245771748
2005-08-12,-0.0023897588330505236,-0.03142871535538462,0.025547339589952568,,-0.0009295093195337426,-0.005994493172678084
2005-08-15,0.00823685435093717,0.008834297104592605,0.020826290844776565,,-0.006883128451769669,0.0028283555842611996
2005-08-16,-0.007323424352080573,-0.013315028061791157,-0.020598848532479046,,-0.02109905394313542,-0.01177598073895536
2005-08-17,0.0027131102474530393,0.011779400833568888,0.010441361805492546,,-0.013732819266439931,0.0007381242633648366
2005-08-18,-0.008591830084115633,-0.010506873401567139,-0.015472446098519574,,-0.0041867780010094065,-0.0009997793162725976
2005-08-19,-0.0034136966123142964,-0.004649106034084349,-0.00603143220790661,,0.013014937093078587,0.0005659803737392277
2005-08-22,0.0022626736329610683,-0.0021150979661754216,-0.0025160159121827264,,0.00427253036647035,0.0016561474415583977
2005-08-23,-0.002052755884196078,-0.0038694905143426884,-6.483297286435068e-05,,-0.004892033749600775,-0.003388649468067495
2005-08-24,-0.013881063259720026,-0.0065648910482818765,-0.003229720886221915,,0.00044778919645410334,-0.006570356379875575
2005-08-25,-0.0008245175217879077,0.005525305263677253,0.003670768887075749,,0.0005211161614847421,0.0022983237092162323
2005-08-26,0.001389845398725927,-0.0021926235281389786,-0.003191320696765487,,-0.012812711890205398,-0.005996535348556931
2005-08-29,0.0004511337698572451,-0.0007962185524149896,0.006547660465612526,,0.005622790606519828,0.005958056473651885
2005-08-30,-0.006591969451839907,-0.025895713052945604,0.00698608319239315,,0.007244271786263164,-0.0031923276995927674
2005-08-31,0.0027546109127103103,0.009044525545475692,0.004592282760421384,,0.025374335965240826,0.009864136789539124
2005-09-01,-0.010368992474147293,-0.025541649174107138,-0.012254342940033709,,0.02809554794830423,0.0010325156400312618
2005-09-02,0.0027662867503622907,0.004396267473774076,-0.0012097485465073356,,-0.005737071764716166,-0.002922376893187084
2005-09-06,0.022577606180946036,0.02905802003821565,0.04242813915786643,,0.0013708932412996107,0.012618836201971906
2005-09-07,-0.0009363597335455481,0.029500875635704058,0.0034068032626222516,,-0.0033756601013662274,0.0024079736886564174
2005-09-08,-0.0040606304840199005,-0.01163945593555523,0.009081070083892065,,-0.001412551209547615,-0.0037933461627815968
2005-09-09,0.009732021569036688,0.015818786052769342,0.01965300514817471,,0.0189064496608916,0.007964743943933206
2005-09-12,-0.0019938842992090005,-0.004697007605124517,0.014866364769243523,,-0.013286033154480589,-0.0007409880863746832
2005-09-13,-0.006642659697303485,-0.019685213511815774,-0.00844708482448609,,-0.011379163190355614,-0.007545065921665484
2005-09-14,-0.016542624566470498,-0.026723565316765757,-0.02271217629600197,,0.008550219682605333,-0.0032812842368473705
2005-09-15,-0.00040805946224669405,0.02355862969003909,0.0007649230746642994,,-0.0027570728059250304,0.0004644433270217796
2005-09-16,0.011767091953972889,0.022712600270122865,0.014283937989950627,,0.013747730632848799,0.008291769259435089
2005-09-19,-0.011693635237341909,-0.02319323689915119,0.01768094859445566,,0.011758487843963482,-0.005565844413728538
2005-09-20,-0.011393711933629685,-0.02420248534401365,0.003509358543974982,,-0.004190803581519512,-0.007863441339177824
2005-09-21,-0.011018375670323722,-0.06757911189949478,-0.013302755366423037,,0.004896593053629534,-0.009121141500479157
2005-09-22,-0.014358763608036914,0.04337091663550851,0.0015713277530198964,,-0.006325022786479072,0.003652325337670348
2005-09-23,0.0014507342183946736,-0.0008636399206842747,0.016993693202895198,,-0.010856440853969865,0.0005516490326242796
2005-09-26,0.0018680171959549435,0.014486942328035442,0.012314340673692891,,0.01828690025179318,0.0002797404811898385
2005-09-27,0.003886391018552983,-0.0027531536623829787,-0.005254402885451423,,-0.002588687400684125,2.470266179210867e-05
2005-09-28,-0.0030636235667415267,0.0006461224217288856,-0.028013207304132096,0.002984670225167516,0.010885819792029378,0.0010117799665758653
2005-09-29,0.01206457537643007,0.009198271371860578,0.0237393103213386,0.012339679669923654,0.005911514908426394,0.008866897527807671
2005-09-30,0.0063681959482941855,0.0049646388346633215,0.01979535165440732,0.01549028596121627,-0.014908797496249411,0.000920439229583403
2005-10-03,-0.0061373103803570766,0.005920246657029072,0.013143728348145306,0.018239657902327847,-0.009157836477816112,-0.0017171957595218945
2005-10-04,0.014382726355199977,-0.022386564694198093,-0.017241206794259514,0.004108785639800385,-0.02455835007566829,-0.009969822251208682
2005-10-05,-0.017023749108961986,-0.0027595299733163725,-0.01317273911658912,-0.005174168248172287,-0.022010682989991103,-0.014887116594756167
2005-10-06,-0.00292271315566182,0.0025856782055954696,-0.01294368559211376,-0.0022268704055519147,-0.015558071642657963,-0.004095674783362702
2005-10-07,0.001463409530183277,-0.01074961903562697,-0.005988535823587973,-0.0026859640482887618,0.013507910226128381,0.0037012767340327546
2005-10-10,0.0011385209918306695,-0.0006455443564690774,-0.011679836790996934,-0.003865426613260218,-0.007295844830321915,-0.007166208031122001
2005-10-11,-0.005480549878053109,-0.0009752900837971108,0.009612847919809191,-0.004501274459612247,0.017922926054538463,-0.002071842729946871
2005-10-12,-0.012535229808581282,-0.020363362097344875,-0.03333472194124887,-0.017527444276916316,-0.014255934774004903,-0.00606812682900193
2005-10-13,-0.0067394820412353005,0.010631370636227743,0.051311484238032654,-0.000686513149965918,-0.017421662103316946,-0.0007133413595465932
2005-10-14,0.006828334688627203,0.009922799561350658,0.008194560625424297,0.010752488183116266,-0.0011463711944081495,0.008267887521960393
2005-10-17,0.0004956667033227382,0.006462390643010149,0.004931604762547576,0.0020015531337612374,0.006702183690700263,0.0029749862685424233
2005-10-18,-0.011300156292476304,-0.005857098248376683,-0.015904313465066735,-0.018892928295532702,-0.03982659424211343,-0.010049543049197696
2005-10-19,0.014270407711321436,0.03074394157095331,0.03980992440952738,0.0420455411325652,0.020386531189540952,0.014955773420908258
2005-10-20,-0.019029515232017465,-0.026701208212110604,0.005067867549330982,-0.006576707070119607,-0.040076641261940105,-0.015019703611780955
2005-10-21,-0.0042798120258193285,0.006111688923000423,0.019742769186020616,0.026658861966007055,0.006920038525080861,0.0015197121056060858
2005-10-24,0.015569618803371337,0.013283888389886693,0.021132137284765328,-0.001306593333350486,0.026700629570882987,0.016777049344208095
2005-10-25,0.0031394432602198426,0.0024791754868133606,-0.011471472417692419,-0.021831964679702283,0.008982225185473197,-0.002367861569102958
2005-10-26,-0.006602600805976821,-0.020197996910445895,-0.016692961744199795,-0.02866004576900957,-0.01062432118814936,-0.004312462609885159
2005-10-27,-0.01173150055358102,-0.022911269827308792,-0.02166045374480795,-0.00733486011751521,-0.018077320350159968,-0.010475230755595533
2005-10-28,0.018714975340096605,0.021193549275175336,-0.0068757641828015225,0.013164780108853913,0.01516365479862587,0.016549333583500303
2005-10-31,0.014619751348726473,-0.008200398154986872,0.04479796025316487,0.018778587615278397,0.00495131421023543,0.007176154521957301
2005-11-01,0.007356099135184772,0.008526786886555516,0.005528793153891286,0.02362785118150761,0.006352254304628889,-0.003521097559766928
2005-11-02,0.012660966971088698,0.016995189302913116,0.027465433615070742,0.020247169094491754,0.014820600992409054,0.009977052697601962
2005-11-03,-0.013979059508600171,0.02180169232542709,0.025294580601899035,0.18341039716629737,0.020860256700002855,0.0042641604917701414
2005-11-04,-0.00039190669916855717,0.007861928404360662,-0.006723873265267056,0.017062419647002922,-0.020625288549695437,0.00016400253438453305
2005-11-07,-0.0010583651462494975,0.004843455854465573,-0.00457033245250302,0.001096307372791503,-0.01167148646426469,0.00218830946715709
2005-11-08,0.00031445522900900474,-0.0010006129206059549,-0.0022871396180727498,-0.010085439047274396,0.0033547926154073667,-0.0034511433266182223
2005-11-09,0.011771699093957717,-0.012143284556636866,-0.005564270602034382,-0.003336258420830082,-0.00795457024286528,0.0016905264703728218
2005-11-10,0.015091845394823042,0.019069005429103354,0.01979133861513772,0.0048791565375866765,-0.022385589731557767,0.008446267412632436
2005-11-11,-0.0029120405230197923,0.005545679963887408,0.005959050582834452,0.003732942009508553,0.0036780746611615126,0.0030545345786563427
2005-11-14,-0.004045837479894754,-0.0016595089057240258,0.0013180967784225364,0.0024738475998240393,0.008129330416388367,-0.0007774725932012672
2005-11-15,-0.004169225918337649,-0.013598860322422607,0.016207682427450815,-0.01744622722832305,-0.0015665496592044382,-0.0038500194222557127
2005-11-16,-0.008679412645144635,-0.008175619845023994,0.03144666461819981,0.003128817933292261,0.009273174392037344,0.0017900189212409767
2005-11-17,0.014646434114346778,0.015711908006712117,0.005693438306496149,0.013571204187783084,0.005719552175174913,0.009413575473187219
2005-11-18,-0.0019510396179411907,0.007015183006112265,0.0049731799413556535,-0.014442121628391329,0.013623801497754004,0.004401328040084085
2005-11-21,0.00892138146674237,0.0016529715588064575,0.00753361078381705,0.021717183706820135,0.01696245921230287,0.005271260185483184
2005-11-22,-0.002332859411562944,0.0022679894274148017,0.020272128423293945,0.01270977159599909,0.011253778778524817,0.0050842770107506485
2005-11-23,0.004142570759279409,0.019117846363392865,0.004933884086096493,-0.0020415927386226783,-0.005551299218659503,0.0034728042867999687
2005-11-25,0.0024910293590665587,-0.005790783107274131,0.02032811242587293,0.0007485043593982048,-0.003412277434709657,0.0020859622466586902
2005-11-28,-0.0020056987055389122,0.0058872309032913924,0.0019685737239631303,-0.0031798478900569773,-0.02240313412619087,-0.008507817120047334
2005-11-29,-0.00592073689921495,0.0008195011960241728,-0.01989565251877522,-0.005994890693446276,0.0006245669962800891,1.5920611289299558e-05
2005-11-30,-0.005947964188336099,-0.0016655814854707632,-0.002206816642859396,0.02496823812192206,-0.004681170365465475,-0.006361930308439456
2005-12-01,0.009230482170742925,0.032954895714874234,0.03856180968159859,0.01869747773222852,0.026769214623592462,0.01215710832826944
2005-12-02,0.003381907064911042,-0.0056999852528166715,0.010161089495959879,-0.0034732331167196023,0.0019784454659982544,0.0003241257364618999
2005-12-05,0.0015345591713761847,-0.010789137450699999,-0.012383002577210334,-0.0197047167385692,0.006590853240088782,-0.0023634792568365537
2005-12-06,0.005068537884279592,0.007924233457261315,0.01901652616364533,0.018064560568019427,0.0029479619628555464,0.001275650227134273
2005-12-07,0.0003069794219490618,0.0010545383181286127,-0.002736329879906157,-0.008456432641562837,-0.014026413860460435,-0.005009065679568603
2005-12-08,-0.010527665792532028,-0.0026367083869499384,0.00141230273700955,-0.005272564967273877,0.012192258763064295,-0.0012168489011322725
2005-12-09,0.0014971197395652947,0.004874653393990731,0.0031513528877193937,0.001245768546418231,-0.013918134340942174,0.00281089103146126
2005-12-12,-0.003994116200631489,-0.006538664167383748,0.006984872130461306,0.012418257538167846,0.008613244262158941,0.000841737216116023
2005-12-13,-0.002027507423161474,0.016283425921881586,0.003957876036580962,-0.01824202647749426,-0.00022075841412128524,0.005553660022141527
2005-12-14,-0.0033392837317421536,0.008062234422982862,-0.022650489509290328,-0.0001407701977829052,0.01149349044498655,0.004189530229214977
2005-12-15,0.0028018294085612578,-0.010704550955926902,0.002841655618884533,-0.0024391493476592567,-0.010704230009423898,-0.0014143099469935416
2005-12-16,-0.0007629183872033638,-0.006375065078807486,-0.0067622103670904165,0.01092144035390375,-0.014797818447335343,-0.0028482818103757745
2005-12-19,-0.004694331214532559,-0.020779444151314646,-0.0038041717790363817,-0.007607671818248933,-0.010222407979041928,-0.0058390167103565815
2005-12-20,-0.00525641789946196,0.0013688597732251818,0.006895808391400154,-0.011821856689782567,-0.00205151407190162,-0.00023814910284736257
2005-12-21,-0.00041968362568106486,0.01266512829516459,0.013348591325110886,0.0037859439610826158,0.0010076661357005764,0.0025166668976364104
2005-12-22,0.012199804639323268,0.003615461434801972,0.007203575144818159,0.0020147265009727673,0.0025456968543949043,0.004220777714278201
2005-12-23,0.0057819394730456,0.0033105158932634575,-0.005557302026179598,-0.0019224833476312847,-0.0005246175543532811,0.00042585801389405376
2005-12-27,-0.00931728698711401,-0.0122999377268754,0.0012668399408336808,-0.009822972007266825,-0.019054776350899878,-0.009553382932114052
2005-12-28,0.009413869408274537,0.00254797988478581,-0.006670047457747591,0.004101627094474139,0.010636788970586819,0.0012972168272717965
2005-12-29,0.0025396342046924703,-0.00020542587732865376,-0.019619465354515957,-0.002869460011998985,-0.002556552807992523,-0.0029805192215838217
2005-12-30,-0.007895999093400887,-0.012181475466088923,-0.0025639778059767726,-0.012512451046858688,0.000937907117782403,-0.004886724277406218
2006-01-03,0.015208572344741161,-0.007692881507788736,0.03408324400137466,0.012316554866802021,0.035711122011912455,0.016430484201434892
2006-01-04,-0.010403561101712573,0.00854679645521501,0.004190166683702937,0.012555166870692532,0.0004246193374058826,0.0036726922525569528
2006-01-05,0.010978883239187845,-0.006312736971832664,-0.00040132228471121827,0.008089131708254989,-0.00926930703299828,1.572058161558587e-05
2006-01-06,0.01727297274639265,0.00854951235339194,0.021045817195546688,0.0005512359237848074,0.01791286781951,0.009399418040885843
2006-01-09,0.008786432981139547,0.013448400432203788,-0.005126790812508999,0.0005951085513145929,0.0011168234175020669,0.0036563642465448076
2006-01-10,0.0032508263820706334,0.004379174132094082,0.030944200429393998,-0.0029569050312788143,0.0021529092157036114,-0.0003566120211651036
2006-01-11,0.015447632729391356,0.007598088598058001,0.019255218933353777,-0.024889555519208868,0.008848401503983581,0.003481544021186611
2006-01-12,0.007547226681461511,-0.01070643145132384,-0.003141439385670683,-0.009311561073824996,-0.0037464720751241424,-0.006274239116809244
2006-01-13,0.0016346313723250773,-0.0018961971035451818,0.01007703509926935,-0.0007927145608202121,0.013649980385798045,0.0012051744764605132
2006-01-17,-0.011168963214527643,-0.0004991719309573038,-0.007872381130112467,-0.018406370154426515,0.014502097997458495,-0.0036345878751066207
2006-01-18,-0.005605670218866093,0.008785569663010417,-0.021632153149364734,-0.007240218302319936,-0.01578295322584656,-0.0038973286076955382
2006-01-19,0.01939298714463904,0.00752378739760367,-0.0262876849118901,-0.006614250558191985,0.011847649058896048,0.005563673325403196
2006-01-20,-0.02097881233249873,0.01084479995357201,-0.03905482959427651,-0.026338943319633195,-0.009041671141197355,-0.01832631522151318
2006-01-23,2.9349244128138366e-05,-0.0045773441581127665,0.022561110385274266,0.005600739733520929,0.012125822809714394,0.0018469873504542988
2006-01-24,0.013041728655377626,0.00689967121486594,-0.004687771990668156,0.022998436705467504,-0.00373160546891422,0.002405436843615494
2006-01-25,-0.004672706111545172,0.0014499549228489963,-0.019583800816525748,-0.0077873574816444075,-0.008363076958191742,-0.0017207360448914244
2006-01-26,0.031054417782336113,0.027597284395339622,-0.00842986537414793,0.008229308374602812,-0.0030654137375227195,0.0072349542612786255
2006-01-27,0.009165360262866549,-0.005443246051683095,0.001897765546146481,-0.012233840965208584,0.011432228800445327,0.007763999112620157
2006-01-30,-0.002008863881890003,-0.004369200114862211,0.020196352363781873,0.002082728609872128,0.011630318890099913,0.0011450867297171374
2006-01-31,-0.006356084647596185,-0.00032171939728279107,0.005710929366845534,0.009717511598241555,-0.009883823279184257,-0.003976054579116317
2006-02-01,-0.003772967467619505,0.012180832986722788,-0.01679697733717813,-0.003427333335417321,-0.014004033509240803,0.0018592626746127827
2006-02-02,-0.011879135080468756,-0.005555700564420315,-0.03437222437225653,-0.003913581347093843,-0.008451452142875238,-0.009060707913791766
2006-02-03,-0.0016082123099337557,0.011565462678029574,-0.030862162805006886,-0.004598042136981319,-0.009850741727120613,-0.005358610609197956
2006-02-06,-0.0014190184719901743,0.0009307674504165092,-0.03757514087910646,-0.008091762887676913,0.011871930351905714,0.0007832015153355076
2006-02-07,0.020907579252078555,-0.0025223755715083596,-0.007663904390673667,-0.014812868641688015,-0.020388914461316635,-0.008094725835381955
2006-02-08,0.0033200928555860007,0.004911529651790796,0.014564621424779824,0.02708432982284289,-0.0029244839441656028,0.008662869079354651
2006-02-09,-0.0035020655462750967,-0.0010242952697217065,-0.0382969335198108,-0.00693119002059526,-0.007587522234668152,-0.001477497792530147
2006-02-10,0.002909468645193163,0.001863868248238527,0.025774021699289128,0.007023791325658267,-0.006717467429737783,0.002539968082329924
2006-02-13,-0.012752485949737552,-0.0012079170458495147,-0.03415826008615615,0.0016217739929875303,0.0007041167870135538,-0.003259698114938203
2006-02-14,0.01279600939359376,0.001914087275211138,0.027542611983042097,0.03647842093277653,-0.005079203319880476,0.010032817645881265
2006-02-15,-0.008354581049481771,-0.007127504661365912,0.019236212589955743,0.01543114780634323,-0.003463589464806866,0.003504402562430453
2006-02-16,0.0041753197346277365,0.0078899049017816,0.02218218350841888,-0.04880660371040904,0.007779112401395537,0.0073281288146973544
2006-02-17,-0.012983334158647438,-0.007435734216203535,-0.0011899607490742676,0.0319813007946675,0.012661238779648183,-0.0016597237744756521
2006-02-21,0.0035398265015231085,-0.009717498691535867,-0.016137161836557834,-0.017542888493008255,0.004427717707302152,-0.003270533054782976
2006-02-22,0.014428891532985289,0.03310468615276713,0.02087124096370483,0.010688974263747998,-0.009507875054829624,0.007513475466915054
2006-02-23,0.005588061536905501,-0.015611609410122474,0.004461859606321537,0.013073978513537957,-0.0038018669916242784,-0.0037751357399127272
2006-02-24,0.0073732812860042045,-0.007900125438226938,-6.386909696914309e-05,0.00553806852568327,0.006480647407679317,0.0012735108974994969
2006-02-27,0.010931858989557319,-0.0004915976899291714,0.0006191078153484957,0.02291917991738922,-0.0077013359221985425,0.0036372204857118007
2006-02-28,-0.01127951812676126,-0.012826606580500026,-0.03561055802999127,-0.011405128015846068,-0.008626746547859386,-0.010400860034838644
2006-03-01,0.009370033077250983,0.0034666282548055393,0.004650693008716445,0.009917727822942356,0.0109387082027434,0.008261330698481784
2006-03-02,-0.006369422304001036,-0.0013521082523968967,0.007882442693332608,-0.0005210560897444042,0.0012045391855522339,-0.0016263247744955356
2006-03-03,-0.002380314904491389,-0.0009859887143150497,-0.01295191120946246,-0.009595803927022079,-0.0029635800301451897,-0.0014816343903563123
2006-03-06,-0.004283632445561873,-0.003884369870327578,-0.025537651412558007,-0.019028154261948323,-0.01710408567538986,-0.006968428982565
2006-03-07,-0.006336542250181769,-0.0018808197693501814,0.006276614509315117,-0.010528971644574234,-0.0045061148327950025,-0.0018619098341728924
2006-03-08,0.00274401857323656,0.0037972715419441936,-0.01088764003464101,-0.0005337450103788557,-0.0014489069468191294,0.0020299446737943594
2006-03-09,-0.0013618543642095436,0.002077065743115643,-0.024729115195772727,-0.007259053301132412,-0.007436848104808152,-0.0048808265953584895
2006-03-10,0.000961416180186785,0.003482927036930162,-0.008462996613721943,0.01980890143979089,0.0016095232984248624,0.007223586629499623
2006-03-13,0.0025455578535299524,-0.001849902272695138,0.022172938163286735,-0.013061185599709589,0.015285461108771105,0.002114810791593591
2006-03-14,0.007950158220249092,0.0026592131658158065,0.025839306667917925,0.01800213989383579,0.019133208920438623,0.01039612464094386
2006-03-15,0.006330314544400046,0.013993030006852434,-0.012388848573090198,0.008604097076285106,0.0036340817760220166,0.004269845505052494
2006-03-16,-0.0023616664201741677,0.009688945482153566,-0.020279283320124707,-0.011055443848334016,0.013120903442485588,0.001772755973671547
2006-03-17,0.0018161414894496788,-0.0002290798116974356,-0.0006792694809936243,0.007724568404267539,-0.007664580377815601,0.0014709261335852375
2006-03-20,0.003935117073389615,-0.005750135421911964,0.00017215937016913847,0.008319012324759829,-0.009375930616467363,-0.0016600068428476167
2006-03-21,-0.012468724432360379,-0.00019803855901955132,-0.025621537612621457,-0.027127997742034008,-0.006025940473866843,-0.00601493843309675
2006-03-22,-0.0030228144388460155,0.004033971248877251,-0.0015113957693159979,0.027669040632816645,0.0035238467057739547,0.006020565906847075
2006-03-23,-0.007806276265181076,-0.0042983768587763205,-0.015652289612953,-4.430170845824705e-05,0.00103989000983344,-0.002582292509284545
2006-03-24,-0.0014323170580168311,0.0031830909129630216,0.008653453561003681,-0.00012127025838817129,0.012652429168535628,0.000983280849487178
2006-03-27,-0.003394661414782164,-0.00248127062723445,-0.0039050505736076646,0.003386234831564897,0.005093364587263822,-0.0010284092793489963
2006-03-28,-0.012710819731259404,-0.008080888530190232,-0.0017870287661714743,-0.011432748022191434,-0.005030447153639131,-0.00643818423116127
2006-03-29,0.025693526572309992,0.008314598302322314,0.047331195215647534,0.02837446119894614,0.012901220150895062,0.007469695510914587
2006-03-30,0.0011606483673696547,0.001674831325035738,0.0035409773228428317,0.010470510017616806,0.003746384842351932,-0.002026275908753372
2006-03-31,-0.005267439318970161,-0.0027969815383004195,-0.00047494044332125463,0.02467847984522633,-0.007774265181672478,-0.004137669588781034
2006-04-03,0.007428930113963501,0.003984419466618394,-0.0025967081651504164,-0.010232478352027407,0.005004686798286546,0.002270547226863817
2006-04-04,0.0005188977949843969,0.0010446859078103166,-0.0034129288392301623,0.01991257263817086,0.008891893731187091,0.006256689924245107
2006-04-05,0.010225152276188854,0.004747085603513331,0.06181970372803412,-0.006161415548741487,0.011243880036335589,0.004311107525869495
2006-04-06,0.0027803973504102065,-0.00834023158191018,0.04237927049588606,0.004379604164031552,-0.004150575178507351,-0.0019213908770231436
2006-04-07,-0.002070510604434445,0.0016549705842662976,-0.022252152090579156,-0.021808776811423423,-0.008855210449688287,-0.010343487333051349
2006-04-10,0.0038704355430543994,0.0062411643424087546,-0.00782150939851469,-0.019544291928878993,0.0135732510551856,0.00086452730002895
2006-04-11,-0.006217725096993781,-0.0012319311936230214,-0.011899235553052136,-0.004699119919787448,-0.00576745607234173,-0.007750959314195005
2006-04-12,0.0015229044140762287,-0.0010892301810748242,-0.010586754900826185,0.00135587168251355,-0.007408513985191195,0.0012047917274888853
2006-04-13,0.009305203556894319,-0.004243743724886361,-0.0020449331679442163,0.008217731482235827,0.0023700418386918038,0.0007763251900372303
2006-04-17,-0.00048730236525515837,-0.012292894043139902,-0.020845892747604847,-0.022615509565313528,0.01107423626302193,-0.00294002038356056
2006-04-18,0.024647005585051167,0.008810043580332345,0.018289908131887803,0.017016095601035456,0.022996127879998975,0.017077384012400332
2006-04-19,-0.003746005516363074,0.004425402875488202,0.0010274714319868216,0.014872519715229522,0.006070445174386466,0.002027128354043395
2006-04-20,0.0009199410979914448,0.008477799571626936,0.015900359900052313,-0.0033371966380663525,-0.01099910949723415,0.0011679304724923067
2006-04-21,0.001830309403116073,-0.011949439075179553,0.0021350388917777546,-0.001337709471750963,0.02158065791986824,-0.0001371994921570696
2006-04-24,0.00036109208156631054,-0.004347072679532763,-0.011291337419791013,0.01449258812535108,-0.005204154065149882,-0.0024175186645771785
2006-04-25,0.0020429312276795428,-0.01115472818942493,-0.0028229949018839704,-0.002937103920837414,-0.007694960063552492,-0.004869617378140845
2006-04-26,0.008506658142959166,0.0026897745414683387,0.018210844050623207,0.004253266742143486,-0.00920571302650534,0.0028193371739710926
2006-04-27,0.01655871885220366,0.001855590629197996,0.007813953019089513,0.009957702934396033,-0.0035043647899697535,0.00330159598179125
2006-04-28,-0.004738286287561209,-0.0006058422673067362,-5.421022384851239e-05,-0.008066900727462013,0.00789982977488452,0.0006795457566091123
2006-05-01,-0.016719709045382246,-0.00651218610660807,-0.017651043467182808,-2.1926622184050544e-05,0.00458714249854108,-0.004135512475787029
2006-05-02,0.010811805008040897,8.80253954215198e-05,0.013196102796411953,0.005498374063114723,0.019786581463015963,0.0061447144793416175
2006-05-03,-9.886455083710205e-05,0.011997339683265537,-0.008186360013489873,0.03176138261740574,-0.014971425486395924,-0.003875972595181021
2006-05-04,0.009225891237074745,0.002041520964764697,0.003915740748353428,0.10882102646820806,0.00668534240060578,0.0031572064475955397
2006-05-05,0.01801377214483248,0.009687437377536594,0.010186688207096941,0.005972246519888325,0.014704042321123672,0.010295301783673105
2006-05-08,-0.0012079114127537317,0.006849665257810032,-0.0020949231696607076,0.010116704083706992,-0.007306491049321196,-0.0008296943472687612
2006-05-09,0.018895970776216933,0.015062962626877834,-0.00021956919033148232,-0.007703885908376516,0.0071608614435927,0.0003623423794523184
2006-05-10,0.009797439015790782,0.0013874131293426875,-0.009869564350890333,0.013189175104715964,0.001850526064738202,-0.0017281487519698047
2006-05-11,-0.015437130703391996,-0.014490859515155927,-0.03150193932059983,-0.01773134140910388,-0.005446498643462493,-0.012798073820219913
2006-05-12,-0.001555215873610719,-0.013470120432183433,-0.01463282169510571,-0.05133880622124975,-0.014400985401267547,-0.011241158123729833
2006-05-15,-0.00035687126688622057,0.005586246101168145,0.0021411932731535883,0.014034793669483701,-0.014102715349326504,0.002524712516867922
2006-05-16,0.003490793178422873,-0.000617574648366242,-0.026377031742493874,0.00037235312486230037,0.004874874335710372,-0.0018694816109019463
2006-05-17,-0.020112227087364737,-0.001679242866229839,-0.0042619231104585615,-0.011066732555117769,-0.027013076273259357,-0.01684107060376383
2006-05-18,-0.0047829582924793414,-0.011668620095015727,-0.01278584589814018,0.010849176163300051,-0.0067416026990233125,-0.006699011316142922
2006-05-19,0.007230959785497658,-0.010441117629989,0.0201253987997054,-0.003671523548159693,0.0025100893658747095,0.004136891022205491
2006-05-22,-0.00457154628470703,-0.0013707715873563786,-0.003355511352481832,-0.003298520894400581,-0.009785348923025416,-0.0039147320056533985
2006-05-23,0.0008054466433343281,-0.017066947379203015,-0.006894884065822535,-0.02610320972297723,0.007208294366699733,-0.004349988881771183
2006-05-24,-0.0007300330524871557,-0.009413277538739889,0.014747165871387972,0.011487824168699827,-0.012492623875418257,0.0015836558786301858
2006-05-25,0.01219577774202546,0.0074584722026705555,0.012890663038125881,0.03529350018240309,0.03342984531117541,0.011370093999100828
2006-05-26,0.012483157477956362,-0.005763010404702263,-0.005012235724522552,0.025461305832483887,0.003876196962457924,0.005719336676629716
2006-05-30,-0.017831671008472924,-0.017797377986878818,-0.03482042431650555,-0.01667884117369337,-0.022752076479364263,-0.015849611392923735
2006-05-31,0.005944617366781507,0.01471800642993677,-0.014719007106479144,0.01459109724603305,0.016799528745599524,0.00811192483568468
2006-06-01,0.013165899001203137,0.020801216190402146,0.031123670896888486,0.018620440356722688,0.003637464536221799,0.012298337548946048
2006-06-02,0.007487419783042204,-0.006292924441387255,-0.00813513170902562,0.0022866088988537374,0.009905302385754858,0.0019522363844757251
2006-06-05,-0.012430194245291582,-0.016626086152585814,-0.026124702933220348,-0.0209079887892002,-0.021408691984163026,-0.017799702040102394
2006-06-06,-0.0014304803172533066,0.0014364879039565463,0.003037116632185095,0.011947576154892373,-0.00869763003468997,-0.0011381291499216184
2006-06-07,-0.002436669564530464,0.00309939556564144,-0.010459727248720298,0.014943625164535599,-0.026154420370663775,-0.00609245663695579
2006-06-08,-0.015643719341651117,0.008865045236494956,0.023219000167339052,-0.015768468197698813,0.0006689837990900855,0.0014170515163627329
2006-06-09,-0.010267257525532474,-0.006064638535764039,-0.016068512835111577,0.009889189713393424,-0.007771464304918421,-0.004475610441298961
2006-06-12,-0.011883558328382384,-0.021122297868394115,-0.025456204051851044,-0.058662553428721634,-0.007183100768298739,-0.011866251571083786
2006-06-13,-0.0144886291138536,-0.026905528691575666,0.014376373462179305,-0.002571840473756259,-0.023892943588772756,-0.01111165038391615
2006-06-14,0.0069424762140171585,0.01776803297472444,-0.005949524490842567,0.004402310728301708,0.017720377955872942,0.005189302813874974
2006-06-15,0.01516790302645403,0.024309846034166405,0.02919272219614025,0.03624232791559338,0.033134591004822286,0.021235077141956493
2006-06-16,0.004700514164052376,-0.0027745556544275275,-0.016882915202255742,-0.01423471961886635,-0.010637983762301271,-0.003677871442713476
2006-06-19,-0.010782882649772667,-0.011103281336911158,-0.004001614866968487,-0.00806735052030568,-0.020732382037368765,-0.009116795167204206
2006-06-20,-0.002187774070315349,0.0022544364997746633,0.004875098775504334,0.01161998301362554,0.0018548193244524894,-8.071545390841983e-06
2006-06-21,0.004024636930944107,0.013973462049909896,0.018458281500670106,0.0154763170466789,0.017543551909692107,0.009740957409162698
2006-06-22,-0.00035885426120859363,-0.022093856243161868,0.014175568409133093,-0.00178254452774891,0.0024234632439296432,-0.005270704235182944
2006-06-23,-0.005653291671940286,-0.0013086533422106514,-0.004778723256257072,0.0005178743553195329,0.007013791249589409,-0.0008830889591340263
2006-06-26,0.007908433955036055,0.004857812836774542,0.003187121835597107,0.009448376309035722,0.009487166437127874,0.004869472554238641
2006-06-27,-0.019465453369097684,-0.008305226473238485,-0.017647249158359028,-0.031232323332130912,0.0009578742547842016,-0.00908401587257579
2006-06-28,0.010888381165798563,-0.016233868289497258,-0.010705400839301049,-0.010673506140168288,0.017456726779562545,0.005487450852216691
2006-06-29,0.030627082618180337,0.04142791837842143,0.04646221662628646,0.021322486977355223,0.021711679382318067,0.021565004106891994
2006-06-30,0.0020538710649905295,0.00065458371054838,-0.015355229917520412,0.006450241484963521,0.003855148577375811,-0.002097656442177853
2006-07-03,0.0021704382074308067,0.006609050766067851,0.00865066269753005,0.019700424546685306,0.011573864789148442,0.0078648957789349
2006-07-05,-0.0106262792859614,-0.0071593333630447465,-0.019206961503684276,-0.019213899062109314,0.003474863304579869,-0.007248851851131444
2006-07-06,0.002579954531786961,0.004181879859350602,-0.013333351581714283,0.002718360606872718,0.002733583742041246,0.0024942142163870695
2006-07-07,-0.0074629368398671505,-0.010780161916899822,-0.00930256497810044,-0.014334930586396335,-0.0007636632293099736,-0.006749949675504019
2006-07-10,0.0011763933510421925,0.013397708479422855,-0.0066437486568201,-0.0012701527604228391,0.006015963134113879,0.0014697864685884188
2006-07-11,0.008495296915737435,0.011737610790095202,0.007856403086087817,-0.006353201307842316,0.01140532618648665,0.004016355538295047
2006-07-12,-0.015879227437543865,-0.021872636752914492,-0.03777917955315563,-0.01832941950237214,-0.005537804033229259,-0.01086902819111013
2006-07-13,-0.029361682118571413,-0.01563942060736682,-0.01741900235606278,-0.045145768626643414,-0.006190865138005995,-0.012966746071534585
2006-07-14,-0.010030030376993168,-0.001260286296316851,-0.024756329843669152,-0.024700972608809022,0.010897571783983569,-0.004894289517349271
2006-07-17,0.007285476917256608,0.03684053996463863,0.026425781969301673,-0.002317249713308479,-0.025412930104033508,-0.001383239771105771
2006-07-18,0.0007723651258585984,0.0006134446188375149,0.003141975711639275,0.00882548594827951,0.007095327952511367,0.001919817200573215
2006-07-19,0.016677584853226013,0.017009858375901063,0.019002340453562916,0.04050381881947601,0.01104922046489686,0.018555110128867458
2006-07-20,-0.006663600797758475,-0.023343347469003697,0.06022844764497846,-0.025732677175977024,-0.00915746000088986,-0.008477511064532206
2006-07-21,-0.009085595831943847,-0.0017940239010676422,-0.0011919091176329434,-0.016690491982436804,-0.008065072443636965,-0.007076898149718125
2006-07-24,0.024593491453796728,0.013932296104224747,0.01457260800382364,0.028095139591732682,0.02395994985108976,0.016625139659086186
2006-07-25,-0.008706841097785906,0.004888851091131761,-0.00010790299159761666,-0.0009576501050495662,0.009131890859033135,0.0063208083741757015
2006-07-26,-0.00013006889395642405,-0.013468796721773335,-0.03115439013021475,-0.0050025400654472784,0.015922641785651306,-0.00037827096880949096
2006-07-27,0.03072639874040076,-0.003824552901660415,-0.003882291696877141,-0.018657299351115455,0.002882641658032146,-0.004099710771126586
2006-07-28,0.015264429957359603,0.013926390715548617,0.028016595156999845,0.016349896128410046,-0.0030064850874253223,0.012151756055729379
2006-07-31,-0.0016470065966621562,0.004376944223994408,0.01755904610221449,-0.013905914998553964,0.0013575896796339244,-0.0014782484660414985
2006-08-01,-0.010030565886335217,-0.011308346821334999,-0.01612487573901421,-0.03374581962124536,0.0015160933617009813,-0.004496099259552078
2006-08-02,0.013213819605148372,0.015551036125109184,0.0033253851289779123,0.002612015295355941,-0.007059138737962158,0.005106529136347682
2006-08-03,0.0008334643621228368,0.012510611965640572,0.020640700150463872,0.03146039631734799,-0.0068871222894378685,0.0022388937577111356
2006-08-04,-0.0010166875368928286,-0.006716380408504965,-0.006287334221025192,-0.013544153084020594,0.00933502842464909,-0.0007108142546528029
2006-08-07,-0.013296181452220134,0.0035813972946566897,-0.011562261856510606,-0.0054791886801425225,0.004361761475267427,-0.0028060638611625555
2006-08-08,-0.007807693549140569,0.009457417008883157,-0.02268628130810089,0.10383211159510358,-0.0005313474755478864,-0.003362705657620202
2006-08-09,-0.0025369292476505245,-0.019218202437224156,-0.013415926215200345,0.010415615392830379,0.009030766681503394,-0.004349285385394919
2006-08-10,0.004451272894447523,0.016208338054008304,0.005508441565355915,-0.001717922199787636,-0.0008578709568535632,0.0046290198253495785
2006-08-11,0.002371467007330052,-0.0003942544656312662,-0.00982349849927172,-0.016858931762974788,0.003144835424219222,-0.003986498082096501
2006-08-14,0.003719670221893674,0.00017139458105986977,0.007069451228091396,0.022635334454984966,-0.0058878088163389864,0.0011604360124866098
2006-08-15,0.007770315469433122,0.020980377066116704,0.03828979176993342,0.0336854882338016,0.007145112631152211,0.013696466399260254
2006-08-16,-0.0066819684183742865,0.01675485505915931,0.017736983426152243,0.003486887554125601,-0.011065202400758405,0.007661987579892671
2006-08-17,0.00664653511026702,0.01199022355644371,0.004805836744509776,0.018850219382504512,0.002945381257593019,0.0015824295197877092
2006-08-18,0.005439821391095037,-0.0009106861520665171,0.003649148719632536,-0.008376091972737398,0.011770101370875826,0.003714946228020821
2006-08-21,-0.0023718753454788585,-0.007810055074786524,-0.020992454544808525,-0.004854649698246696,0.0033449717885221594,-0.003670451599211977
2006-08-22,-0.005469279104291485,-0.005842169597727769,0.010701761592874472,0.013228971540753753,-0.0007758813273233635,0.0010018548756436374
2006-08-23,-0.010622181030384878,-0.001710378726965499,-0.00646727701499521,-0.004441790847928418,-0.008566440051572671,-0.0044886560845824874
2006-08-24,-0.008534443455345675,0.0004322157649304878,0.003193293992265622,-0.01037807070915339,0.01082846728165933,0.0023743945293950297
2006-08-25,0.004547295412352589,-0.014417320461046977,0.00840532031907402,0.00409444728297528,-0.0010576036151281794,-0.0007484936882400373
2006-08-28,0.005795074734289732,0.013832052117793054,-0.004351513237800888,0.010603803316689262,-0.0021025519245414267,0.005165713311912734
2006-08-29,-0.0039446091415430195,0.013800316018861341,-0.0007113261914249466,0.018430745183835757,-0.006189613983859288,0.0019204473442031578
2006-08-30,0.003227681629229256,0.004504797090433149,0.013408457804374637,-0.018347429431143644,-0.009627491370509316,0.0008356838990319915
2006-08-31,0.005896458620927196,-0.0029821771429144905,0.0076599036723066305,0.015754567284247258,-0.012107113141791932,-0.0011874402153588814
2006-09-01,0.007483142055479877,0.016510702465456408,0.011345398633197728,-0.002137993972158259,0.006422699806702352,0.00551461380616769
2006-09-05,-0.001824713172507748,-0.0017269665218477186,0.031483828362698904,0.023395467901419796,0.00826623166194208,0.0017085988800158436
2006-09-06,-0.009361412875965905,-0.008361473354337293,-0.023207867935098343,-0.07042313148263175,-0.022723422993401205,-0.009891483140586299
2006-09-07,-0.0034325193475737903,0.0041152141126846505,0.014140150040172926,-0.0010678876900034645,-0.0016335606680781278,-0.004799032645401269
2006-09-08,0.001194370692567956,0.023332797836916497,0.0035183420871951637,-7.461898915085603e-05,-0.014680859932260135,0.0037866681659510792
2006-09-11,-0.0014542265635859271,-0.0032919735521706236,0.005074364409290449,-0.00014906777633373218,-0.024671888539026895,0.00047731584409493877
2006-09-12,0.012754348456347183,0.03353477613557583,0.011054706747458504,0.02403182478452298,-0.001978824342251946,0.010357480749273451
2006-09-13,0.002816759459502636,-0.006892259123298993,0.0183815877023042,0.006955226421616417,0.012256819270860751,0.00386134523157855
2006-09-14,-0.0024480544159780153,-0.006056468304109688,-0.000894259811108289,0.01193479173351436,-0.011171012756153254,-0.0013579833128180008
2006-09-15,-0.001116116418881226,0.011615854886392616,0.00868246999284505,-0.011893535024951229,-0.0025028228930964276,0.0025678463606395585
2006-09-18,-0.006260844460436916,-0.009186098015122358,-0.002729104245868158,-0.014763963566595862,0.01870661838415138,0.0011518266007009004
2006-09-19,0.004577512072537553,0.0022750462827175726,-0.008602728779064463,0.0074321086266414945,-0.014051086127422232,-0.0026794523975416373
2006-09-20,0.012419483971172728,0.00955131092759972,0.013030277053177183,0.013184554022766871,-0.006818728992025302,0.005722381666218412
2006-09-21,-0.0017787790431842794,0.002894264528122913,-0.013899739275551196,0.03662162741864315,0.014326691327885374,-0.005395511646919315
2006-09-22,-0.011732248802979905,-0.003789490381627768,-0.00982908063899982,0.03270619834453522,-0.003198524569176509,-0.002465801178850091
2006-09-25,0.014810806062470587,0.018857727275608024,0.028923830175855356,0.0239513606095668,0.0024238225082427183,0.00881513680011592
2006-09-26,0.009714567968217113,0.0032496238107638394,0.020571584924564762,0.006805739373371124,0.016427727751257448,0.007524280936307193
2006-09-27,0.005539739884800282,0.016246923877987086,-0.011294300191651991,-0.010654576349508952,0.0107259672512227,0.00017958636491899327
2006-09-28,-0.00285110910905025,-0.00934279401496136,0.0014156820723876258,-0.002364830618728228,0.004759842433102949,0.0017133444968626677
2006-09-29,-0.0027549583041638777,-0.009659861369345324,0.0009352079316308598,0.0022154977920563414,0.00212322597645271,-0.0022631074374287463
2006-10-02,-0.013617297395763695,0.007821833388514826,-0.024532250090115976,0.0063101811580278675,-0.006799782093708193,-0.00339112129330843
2006-10-03,0.00961638516498189,0.007482863950081852,0.000985431104155572,0.020345871182314106,-0.021660545475681976,0.0020956938790537283
2006-10-04,0.004155313718041637,0.01769181743695488,0.02303464807135793,0.01735477446020584,0.015134102780870995,0.012060449286025232
2006-10-05,-0.008209490491372597,-0.002974882796044841,-0.0020372194644308174,0.012211647890158016,0.002714024250194602,0.002236720219570998
2006-10-06,0.004257130371939171,0.0023964515851733563,-0.006050552626406641,-0.010466654371510899,-0.001468122459583193,-0.0026824943182935934
2006-10-09,0.003749772061111285,0.006003870067365049,0.011626868859223077,0.009766234052185798,-0.00632755229090499,0.0007928840510640356
2006-10-10,-0.003310827970568777,0.003780350305630185,-0.012252342301561057,0.011925705252873788,0.009325337576168755,0.0020434526052304225
2006-10-11,0.007548074766456269,0.003601725384843582,-0.002846551918443836,-0.007264227740181724,-0.010355963666499747,-0.002563943683974057
2006-10-12,0.008355335958906038,0.025290316798491433,0.0215507012113212,0.02143510390294284,0.015526442116601074,0.009541098076733423
2006-10-13,0.007957143271638415,-0.0014326906895098992,-0.0031766808387897064,0.000845599579471134,0.00262514455542204,0.002047239312655602
2006-10-16,-0.0026419401768934905,0.005316753623677802,-0.003862873355688325,0.003426290572187923,0.01582942711472852,0.0025190488487738527
2006-10-17,-0.007300886477788081,-0.009665571637701658,-0.00979611963002193,-0.009232483896604542,-0.0024772546633864355,-0.0036594521432252725
2006-10-18,0.008571680101958157,-0.005651218976971193,0.00036749915039236954,-0.006721833797942758,-0.0062354476019099185,0.0012829441276758224
2006-10-19,-0.005587310458653146,-0.013586746602028148,0.03832333474989585,0.024941151346720532,0.01799372884934103,0.0008492546990097605
2006-10-20,0.0008536384629035549,0.011742896339080974,0.020495076325068827,-0.0005177442617340105,-0.002048448801813631,0.0011997532446470505
2006-10-23,0.005673224451028088,0.015046222069797046,0.02060241576755029,0.008740549515018629,0.0034322769007285293,0.006152304614580828
2006-10-24,0.017808598364526185,0.003796811385304006,-0.0007182768331120562,0.0015792157163330338,0.0084567569214127,0.0002614234698528062
2006-10-25,-0.0019274528594425547,-0.0008296988344540155,0.03553843371211069,-0.00635974682805771,0.009622464339554224,0.003513892900401272
2006-10-26,0.02869390987530678,0.004009739701340802,0.006736820979208998,-0.0016081246961435472,0.003376427095844405,0.004963019994619788
2006-10-27,-0.007696050148800589,-0.017052074114958276,-0.016207349213879688,-0.008627491191443093,-0.003674388569812571,-0.00845163029183671
2006-10-30,0.004988032504306005,0.009038269317389169,0.00030302198776554226,0.0024013343717373616,-0.013481459913163475,0.00042842573748558266
2006-10-31,-0.005388149210270117,0.0001395146149731427,0.004563895076966366,-0.0015513951569909423,0.010695316549522016,7.175759964006545e-06
2006-11-01,-0.004442977589764682,-0.007040764772810026,-0.019627770937277602,-0.00150201964002209,-0.004008682777992135,-0.007351469035843494
2006-11-02,-0.0013111315904222917,-0.0019143787307264889,-0.0011506083890744385,-0.015232809627069228,0.0012797264922016498,-0.0003436827873022352
2006-11-03,0.0009675681572833288,-0.01697991916048647,-0.004353129105218353,-8.165205658417543e-05,0.011667528269946903,-0.0022232342125417803
2006-11-06,0.016432511614535916,0.02064517909138157,0.016780945702841502,0.016790527758801185,0.016355500608231013,0.011346463325312195
2006-11-07,0.004066110335155975,-0.0026158369914573744,0.007605355582053459,0.003165309876548102,-0.004708705026313813,0.002217698805944357
2006-11-08,0.008106476310623747,0.009970699768774769,0.0187033113641698,0.0013142827440075725,0.012251999440174107,0.0020826740288086842
2006-11-09,-0.0021155781159952216,-0.00500452298678767,0.0022657075172165977,-0.007840709333578829,0.012799317711275746,-0.005332978382845854
2006-11-10,-0.015445239675435004,0.004222390488231179,0.0011467084941348877,0.013559334750037228,-0.0010362995216684815,0.0018646249021037065
2006-11-13,0.0006627026814937261,0.008864995424759926,0.015357315005139066,0.018030585896066202,0.0007318969397250659,0.0025490763045961096
2006-11-14,0.005722163440098168,0.0017841029249852124,0.015588652076803178,-0.008453484707858339,0.0037637883225350105,0.006356399415263114
2006-11-15,-0.0009825868983792357,0.001981774601741787,6.822998009559838e-05,0.02283353251569134,0.0032423161473455215,0.002404484328664136
2006-11-16,0.003295454980691078,0.011092158383703855,0.013724504408639811,-3.123024314022448e-05,-0.019029593106034106,0.002284213178895156
2006-11-17,0.002060187956294442,0.0013531176618627398,0.0010021615991195544,-0.0024855355522023443,0.005513848962178544,0.0010287059183031744
2006-11-20,0.002766988995024652,0.0035534032888957204,0.0030051766264051413,-0.0006388591056463015,-0.001991586869654555,-0.0004995369656483062
2006-11-21,0.0016355328006041965,0.014488752856847475,0.01961376564417877,0.010930045774156403,0.01311593092922204,0.001649452762406245
2006-11-22,-0.011886909131409863,0.0018644436709079457,0.012726783974297608,0.008881171320408877,-0.00650748264654904,0.0023380978817977294
2006-11-24,-0.0027179530228522183,-0.0033144927786315564,0.004404500051563451,-0.01900676165825566,-0.005275833700080381,-0.0036555375355650233
2006-11-27,-0.012460085420873212,-0.017280634376372752,-0.02820858760400353,-0.008151868326029434,-0.0032136902928411597,-0.013555081120842472
2006-11-28,0.010730779634818314,0.005640199625095635,0.01645964657874764,-0.004278148697649083,0.014657006819180881,0.0034443905034671207
2006-11-29,0.004778014370171878,0.012217775124174246,-0.0030138955750498475,0.015167746938749616,0.01832426094499888,0.009201576407062984
2006-11-30,0.003144495151711682,-0.00036401291818425534,-0.002665149770458528,-0.010652994247689356,0.005920691984447926,0.0008217512433992269
2006-12-01,0.003654416592042241,0.00039938099928191266,-0.008882855034388078,-0.006968401489032012,-0.00010415782234112201,-0.002798771932377986
2006-12-04,0.005285289519550003,0.014485454005636632,-0.0012925912643547493,0.027652010606833984,0.00301364679927606,0.00888519057411008
2006-12-05,0.01592753551794113,0.005563359314676396,0.0007398242806501696,-0.017205561701953098,0.01184186332808774,0.00400250842226435
2006-12-06,-0.0009644003755608129,0.0007074795263644314,-0.009131845945042353,0.020221093305007615,-0.012483804894463418,-0.0013147002592126533
2006-12-07,-0.0013206413429105513,0.007225209002521467,-0.024507033020024355,-0.00041391273741106266,0.0026352749039572935,-0.003970546574156186
2006-12-08,0.006669420889324329,0.004949963851683093,0.011276304925798234,0.025643570986355547,-0.005682410935753891,0.001811941168510689
2006-12-11,0.009509869084084632,-0.0034382717030119895,0.0046292848824629465,0.0147559170141505,0.008039759857754316,0.002269813113380925
2006-12-12,0.006379900674473515,-0.017189283484733697,-0.0190983659055923,0.0035113922847021146,-0.0013296694621786364,-0.0010473733424651854
2006-12-13,0.004975547406059403,0.0049881055566652335,0.018853987897387375,-0.004915884759122294,0.01106962291328725,0.0011688502615989638
2006-12-14,0.007676434829759168,0.0040189088999065,0.0015129838693096296,2.7571602495066046e-06,0.015821858939267165,0.008689458492585622
2006-12-15,-0.001359506334696842,-0.003935169254849393,-0.0003031455069174934,-0.0034136342367525325,-0.008327535018080168,0.0011224039431343424
2006-12-18,-7.631887324824304e-05,0.0005319703073717656,-0.025302068202827415,-0.005014734351279047,-0.02151490097936454,-0.00323033968563613
2006-12-19,0.0013227143092483028,0.0092160463307636,0.008767357266769651,0.0037833502220528995,0.014828498022563455,0.002158250661892236
2006-12-20,-0.0027914588162016537,-0.0002535135637591766,-0.008950151104837925,0.017362213134356385,-0.009385391451807631,-0.0014170106008628558
2006-12-21,-0.0016556723191692108,-0.002669095186680286,-0.015827460229127923,-0.0047335906856143355,-0.0018848041826103207,-0.003673951628075822
2006-12-22,-0.00924438273526546,-0.0018093158059133427,-0.0036142361399061802,0.001481894845045712,-0.012258788770887622,-0.005316251006780903
2006-12-26,0.010400065934245879,0.004007422614063276,-0.006039603556693777,0.0062755370237115035,0.006069203500319842,0.004352274381138388
2006-12-27,0.001213265746696072,0.01075458547319918,0.006620231609943166,0.017761165865677143,0.015471330627887598,0.007015273650207154
2006-12-28,-0.0029746816539824744,-0.0002449842158998003,-0.007014096023618613,-0.0064848183025503015,5.0987188296526976e-05,-0.0014787820653379136
2006-12-29,-0.008010569514316489,-0.0013956377501982541,0.02323920103173899,-0.009472615771448948,-0.005488544382399643,-0.004513087903512458
2007-01-03,0.003920333378271856,-0.006759442518886133,-0.008698830715962304,0.01419257024258435,-0.025233407722659272,-0.0011986696634412874
2007-01-04,0.007898873814502416,-0.0024379518136471924,0.019403556520723602,0.016849764159496523,-0.017222789491128532,0.0012282862236074887
2007-01-05,-0.0030345367718702864,-0.005686172686661953,-0.005953692574262947,-0.010511638652541129,0.0007363139034487325,-0.006084581335068839
2007-01-08,0.0005408484760873469,0.0028258939763404502,-0.002966508184066408,-0.0018420839211944794,0.002300509837089759,0.00222031834174663
2007-01-09,0.009977259604495468,0.0026783838911602874,0.05010356208700887,0.0048489278158776105,-0.012983497984454287,-0.00051667597633831
2007-01-10,-0.00107271859265648,0.01137809874780798,0.024831043093502092,0.015309919631332207,-0.019072934037404937,0.0019403518584233392
2007-01-11,0.0056791496439215095,0.008539555679193405,-0.0007619005451576577,0.0035757356361250255,-0.001149812703593127,0.006339874091180642
2007-01-12,0.01743093655533513,-0.00193359393736097,1.6553216321335372e-05,-0.002904906378540264,0.021942322368751804,0.004853165737491727
2007-01-16,-0.0022774935486943974,0.0012744415333575045,0.017408826365795313,0.0031107179452620286,-0.014225911057486012,0.000817795084526729
2007-01-17,0.007389809111776402,0.0044357310610628154,-0.019542957392298846,-0.01802977493388368,0.010423323548104725,-0.0008939376178855873
2007-01-18,0.0018657369610156796,-0.0068133718439351764,-0.04410050720575994,-0.018957091292876118,-0.003294566532106267,-0.002970739969038294
2007-01-19,-0.003046559692919442,0.00341089159392028,-0.002646709741148514,0.0017840431582366678,0.018580418073486624,0.0028954653399542174
2007-01-22,-0.007892761305817819,-0.007197030266237858,-0.015045776376717104,-0.011020748613948621,-0.014371698487133594,-0.005277909002534109
2007-01-23,0.004038443942118385,0.012135328564556427,-0.010897284350042046,-0.011288583157569547,0.022517597813897828,0.003541965097471733
2007-01-24,0.0048131944967825455,-0.007528544954694012,0.019094801711891603,0.00833624182573816,0.002119964505301303,0.008501470410478884
2007-01-25,-0.012880606723234796,-0.02288174777157874,-0.008517231676856937,-0.0119111527721701,-0.01943782192555859,-0.011269802319041844
2007-01-26,-0.0025631993981757306,-0.003862754990527326,-0.004325563804231516,-0.007349205113335184,0.0005570705536215447,-0.001207929400684371
2007-01-29,-3.554684611538203e-05,0.0033783993549547967,0.006000526477157079,0.013975735694797264,-0.003969948270820774,-0.001096948722968838
2007-01-30,0.0006598486316722102,0.009547232867708907,-0.0042724912014943045,-0.0010822836882623606,0.019309838161334532,0.005772093311412707
2007-01-31,0.006132843629138783,0.011699189042835685,0.007781656786063461,0.01157572000469315,0.001089251948160976,0.006592883847806208
2007-02-01,-0.006888143286877427,0.0044568740339106586,-0.007582537134479401,0.009593139786418283,0.017192356153699767,0.005353731800087358
2007-02-02,0.003927197902496955,0.0030767162763618958,-0.007907963643341695,0.015357249933519659,-0.0024737997547429843,0.0016944502133364736
2007-02-05,-0.0030113539179403032,-0.0033748368426728677,-0.012551789986614078,0.010409292155780476,-0.002184094411760949,-0.0009666073363550076
2007-02-06,0.0027289728909016576,0.005505882909070056,0.009379430700305804,0.0018701643491442382,-0.0037078718639655304,0.0006980074309024253
2007-02-07,0.005228832583128291,0.01293379029339196,0.017023580835869245,0.017117158235449775,-0.0051127121192192995,0.0013950411127416906
2007-02-08,-0.010297970973003705,-0.006444115561051899,0.001084566701250382,-0.002835131497687371,0.009779109743059462,-0.0011792671235344443
2007-02-09,-0.013081782663748412,-0.0007604429902420942,-0.025151545001933548,0.0018078023726227229,-0.005711053146001074,-0.0070772138460132306
2007-02-12,-0.012808822032470642,0.002449361092452097,0.010501454320531161,0.0059366837902559534,-0.012111292476738115,-0.0032613821992586445
2007-02-13,0.019403925264064054,0.005097000143972166,0.0019005601392079767,0.07147223688373705,0.011085406544903639,0.007597490309923183
2007-02-14,0.01428099896780174,0.004022518325244835,0.01170372745424248,0.0026650517790958133,0.010093985358078797,0.007644080004882037
2007-02-15,-0.0021386236230604566,0.0011940889504133165,-0.00255070337215661,-0.0030120594621737455,-0.005036207024261057,0.0010375934274453602
2007-02-16,0.009135635915942707,0.003724849294839198,0.0009882402896308005,0.008147026328044028,-0.00288909122341707,-0.0008717811383565088
2007-02-20,0.001933012339955395,0.010819570365335885,0.014545397740371169,0.021942435721128455,-0.009578764827955643,0.002844315193901492
2007-02-21,0.004191038435120996,0.027736696721757766,0.02281001643328912,0.006923830507493026,-0.003127595981858348,-0.001404450806129165
2007-02-22,-0.004787948211619878,-0.00274077154620994,0.0006706515433595797,-0.011479137178282936,0.006296381494490013,-0.0008575564414925463
2007-02-23,-0.0054582502213922955,0.0033632022093143215,-0.006491495719182335,0.00044843421525154293,0.0041381190729336765,-0.003563673944411261
2007-02-26,-0.00656941149783635,-0.006125963340639701,-0.004852452477715389,-0.005824464417462612,0.007617424621380019,-0.0012541061904680628
2007-02-27,-0.04436890426039076,-0.031209976381744216,-0.04815525807234396,-0.025967832858536825,-0.041070959417702016,-0.034725402225963764
2007-02-28,0.02012227835042541,-0.010573257290724223,0.007084287309976081,0.002596066442373106,-0.0025440549136710954,0.005560889616694542
2007-03-01,0.0006757277713434052,0.00893699541147759,0.01446294704657489,0.00584698220897301,-0.013218559438494069,-0.0025944345993798024
2007-03-02,-0.018308466421269497,-0.007613150819846071,-0.02144435128208846,-0.023032174218324708,-0.01327776452595093,-0.011402751982227732
2007-03-05,-0.009710325602217535,-0.01584212022612355,0.0029677814541349368,-0.010378231477976079,-0.01186316021443902,-0.009407677800631231
2007-03-06,0.023651956775880497,0.00993328298411633,0.028157788723826023,0.009940503629520911,0.018510659336541037,0.01549358071940743
2007-03-07,-0.0037837288587504064,-0.0021156229651753187,-0.005323216548918677,-0.0018505915416261425,0.01120228478191738,-0.0024652707034493737
2007-03-08,0.012078067226564258,0.01013350382415022,-0.00039987786899989253,0.009681282427235134,0.0017387447193615163,0.007126622092502144
2007-03-09,0.00198893758683097,0.011254307850659378,0.0033673984329726037,-0.008912046756762257,-0.0010139330449475295,0.0006776217548800645
2007-03-12,0.0005283353633040589,0.0076723160952490745,0.013129980246931978,0.012009112803064466,0.00012751144883137635,0.0026802841786919274
2007-03-13,-0.02318586658235725,-0.02622900022409801,-0.020317444877261264,-0.02327762877930463,-0.0158613668729555,-0.020368281609082217
2007-03-14,0.0038681067023934724,0.003308161933148135,0.014788907326020515,-0.0020394592811116812,0.008340053980122702,0.006691166660731218
2007-03-15,0.0017759251042548476,0.0007166181166939762,-0.005317986681267851,0.003346390962062652,0.001188642476418618,0.003683748343518811
2007-03-16,-0.005124425184367624,-0.002047497698828118,-0.0013814662368398269,-0.0013569676372683771,-0.006006629153070775,-0.003828308970065253
2007-03-19,0.01694868871441092,0.011542455409604207,0.01648552051507453,0.018173336849376973,0.017253104372240823,0.010894486429815275
2007-03-20,0.009094408438485543,0.01029396525188484,0.002237224978067768,0.017144488136173638,0.007438795938958888,0.006333453947334089
2007-03-21,0.021656824990547625,0.006702371784367482,0.027124400890513482,0.015068424451956011,0.015951237833229246,0.017080881296924755
2007-03-22,0.0006656588208732847,-0.004679096073805953,0.0004938908774743524,0.012456261139176989,0.01639670137772694,-0.0003484223341437831
2007-03-23,-0.0036480653934331583,0.009119291124734566,-0.0059454478761420005,-0.01257326485637079,0.010262507915270322,0.001094390010953239
2007-03-26,-0.0038158410811865336,-0.0021320294611560523,0.015919557830509808,-0.010286082360851061,0.0053619976678087305,0.0009679026415914116
2007-03-27,-0.008639079173833783,-0.004501872208213933,-0.001519122718409801,-0.008728524158307167,-0.0011541499355434564,-0.006184358016304348
2007-03-28,-0.0137469477756284,-0.0039488193293892694,-0.014280277083642568,-0.011749190201452916,0.0013169870985563167,-0.00796578842336182
2007-03-29,0.0026362399681863547,0.0003481245525026088,0.00557591331282002,0.0019601258932561583,0.011763374121278218,0.0037397238988494674
2007-03-30,-0.0017429879966137742,0.0070601174351533165,-0.006085045569196972,0.009377074545164472,-0.008651419344683938,-0.0011739955648866207
2007-04-02,-0.004318430245604672,-0.0021975476389812626,0.007994683186534658,0.012002003499943592,0.009270073463076614,0.0025970634085028532
2007-04-03,0.017786417714023464,0.01439558918715772,0.014674943975584198,0.011360234556828991,0.005731691718739486,0.009280102663995704
2007-04-04,0.0033700599886215938,-0.00030700051727087,0.0007506039478803417,-0.0036327344543735066,0.0010401260816823132,0.0011128174632957233
2007-04-05,0.006771498923110096,0.009847648792063228,0.003536317788404883,0.008373719333709563,0.002591700788617166,0.003049955649575775
2007-04-09,0.0033574905733888996,0.009816180349396604,-0.007490446849067078,-0.0023313453081856513,-0.005974590358677536,0.0005887235968500271
2007-04-10,0.008500615020993354,-0.005140631042679409,0.0038978479549475966,0.0021063258249998116,0.013702191559225852,0.0026166434783123638
2007-04-11,0.0009376342115912924,-0.004926731779202695,-0.012178782849870612,-0.0019152468609623138,-0.003367131121566429,-0.006572828751212234
2007-04-12,0.011263220812515429,0.00015005206798375002,0.002245029297420187,-0.0037538624707174444,0.0126805698699845,0.006206296427920366
2007-04-13,0.0059685873229723,0.011647207876775844,-0.0117323021614841,0.012105011838808655,0.00300313780136255,0.0034880001295067853
2007-04-16,0.0018730702911904358,0.011660021938205905,0.024995229623222967,0.0079808773863224,0.007418656434424444,0.010654906376349693
2007-04-17,0.00032002963746265964,0.010290141550431566,-0.007768401299596549,0.009339116873104973,0.0034884300091656203,0.0021453110052500612
2007-04-18,-0.010131750100524115,-0.0031583367133294817,0.0007168204507766648,-0.005807293599167525,-0.0032459246198625696,0.0006931929382587576
2007-04-19,-0.0070630139169157455,-0.00963093064003119,-0.003922038164516755,-0.028027980772287627,-0.009361192213220907,-0.0012020506154498678
2007-04-20,0.010940214688712544,-0.0020381917187834836,0.010253832468407269,-0.0019263448543647202,0.019613103779275227,0.009260704070808812
2007-04-23,-0.005829426279053342,7.965246173193654e-06,0.013678223347571065,-0.009365210014295546,-0.007227565113294595,-0.002303986210293818
2007-04-24,-0.0047054063642501835,0.0001974280051895739,-0.00228148772142732,0.004934275772388044,-0.004582478767820569,-0.00035114388417389897
2007-04-25,0.014047010756819248,0.00590948475733653,0.07244322045120519,0.009367146362587338,0.017073100041624715,0.010139089454322958
2007-04-26,-0.01577939429642736,0.014016213810384209,0.0453086564437217,0.007147531880524577,-0.003584595863031163,-0.0007824182576994243
2007-04-27,-0.006930646674433644,-0.0071858900864032686,0.006297191717370404,-0.01187837886560211,0.002030713384890425,-0.000120497715199952
2007-04-30,-0.004349456005092692,-0.017067783018718394,-0.008018114441731854,-0.018054248140976607,-0.007392894656596009,-0.007830925989064319
2007-05-01,0.003986226678801789,0.015877388719316415,0.0004069569066381688,0.014484135285861833,0.003329952510109926,0.002651196208694806
2007-05-02,0.011544900948149802,0.017574715656065894,0.0014195621952443724,-0.0038788092343373794,0.010154082082002237,0.0064724448638566745
2007-05-03,0.001414722097806145,-0.0030535189676037257,0.006794409783069295,0.00871068260161241,0.008438327547600927,0.004325077887225248
2007-05-04,-0.0015725745597461429,0.0015032971899680342,0.004743676301791492,0.059057787256826415,-0.0011972728012174694,0.002149894792468965
2007-05-07,0.002383755364148097,0.003758866735413483,0.008235334502298753,-0.001275973962894837,0.0023896421820697373,0.0025637181786113405
2007-05-08,0.0018021750193705113,-0.0017723808488727048,0.009833127644585762,0.008890167122969516,-0.002157203966065667,-0.0011659709227004322
2007-05-09,-0.0018478535952502389,0.010124002237159497,0.014482933561128487,-0.05634593895232793,0.0003940042911985637,0.0032234005292746115
2007-05-10,-0.015932758921924844,-0.0035083650241383335,-0.007261524503070302,-0.027416313352770883,-0.017218173492248426,-0.013956277330703482
2007-05-11,0.010580109563411481,0.013972536895056075,0.012100434491469674,0.005513345220414857,0.019010257822394773,0.00964149809602488
2007-05-14,0.0010761811084302106,0.009501943008531358,0.0021125420330958193,-0.011739399451235595,0.005247413558933191,-0.0017929748750863395
2007-05-15,-0.0067900312737979055,0.009845509773634456,-0.014971017121335955,-0.021853756914727095,-0.0013071008393739636,-0.0013039836183860176
2007-05-16,0.021742857410801876,0.01684782481556518,0.014095867427496212,0.012056810766373072,-0.00023614389455150635,0.008626538777668946
2007-05-17,-0.006799984699664859,-0.0018640967397684225,0.006920150631791377,0.02625521189217627,0.010814242741952177,-0.000918022530934981
2007-05-18,0.010425749258986716,0.00011302303490318716,0.0066122027240022455,0.043430450250320246,0.021131647636802812,0.006610477607007059
2007-05-21,0.013516666395561695,0.0012493243431821435,0.027916532913222103,-0.005334422571299326,0.001895431949949038,0.0015432445154737184
2007-05-22,0.005667479465467609,0.008252332073538262,0.011269159951099924,0.017803560963308658,-0.008604226696715329,-0.0006425680181219029
2007-05-23,-0.0029906487241522974,-0.014833001814273024,-0.003715833806847708,0.005685328186172672,-0.000996163425805977,-0.001207231600010017
2007-05-24,-0.020098936808605923,-0.01115898906668151,-0.01050897110407797,-0.02163985974985418,-0.014209238780590747,-0.009702564079535403
2007-05-25,0.007549771537838026,0.0002483293776910976,0.016325307623564957,0.0013085532877882664,0.014174164101180678,0.00545268067865301
2007-05-29,-0.008599254577210108,-0.002916918736800239,0.008782042412030861,0.011818978804129769,-0.009443988282880249,0.0015702037391096546
2007-05-30,0.010844188765387135,-0.006462882341466493,0.027280321071074764,-0.00694471536298256,0.012171507640906961,0.007983608061428171
2007-05-31,-0.004327455340943208,0.0063228682500958856,0.008695576808144204,0.016269299006282906,-0.004479125135014049,0.00025487322390449485
2007-06-01,-0.006190059746335955,0.007563000841685335,-0.014308664688616688,-0.003620478159245025,0.009324325506816123,0.0037370286036848555
2007-06-04,-0.0004896265807729873,0.004685702986755801,0.022484608081869858,0.0018587009597888155,0.004159647627865091,0.0018486063981995038
2007-06-05,-0.007003683202435505,-0.006231301875292646,0.020064418613551946,-0.008340088538165872,-0.0046686012640349385,-0.005347069382311664
2007-06-06,-0.00554591224903347,-0.010163805423196951,-6.471904099687182e-05,-0.01334776527809492,-0.008842176374032833,-0.008863742592418067
2007-06-07,-0.014848058513606635,-0.013632748300955897,-0.0006601826771601536,-0.035901474879633896,-0.016699063544320162,-0.017569780868271323
2007-06-08,-0.0002998502175314941,0.01960408381904811,0.006313211293203183,0.003622280110465758,0.006390589080450136,0.011370393887050856
2007-06-11,-0.002791818053001185,-0.0022177622315200153,-0.02742571885251542,0.007470428281914747,0.003095113903802926,0.0009617165093236402
2007-06-12,-0.020128677499057245,-0.0010349678501400774,-0.004830846232525534,0.010122871055760466,-0.011461262490033418,-0.010681718597158829
2007-06-13,0.016796483596570003,0.012715219575005474,-0.010318479451072116,0.00040309195927687273,0.01589841307452464,0.015184222334435615
2007-06-14,0.00920898113071496,0.0005515140603815794,0.008745357668650325,0.016154483757559273,0.023105895756322756,0.004816303381447451
2007-06-15,0.014331887381025707,0.00014863019415943396,0.010851543253615986,0.01789076216913819,0.01293202538288258,0.006526762620259197
2007-06-18,0.0008176962481077839,0.001980082711260467,0.023263908460787196,-0.009052168430193148,0.003408241411587582,-0.0012133688932095543
2007-06-19,0.003718778033624154,0.0020749929362624178,-0.01308231592648188,0.056175179497529246,-0.00032284236581187656,0.0017307744745367337
2007-06-20,-0.010700655906718327,-0.021354802120227813,-0.01402822442288212,-0.003159465041780062,-0.02068228632496545,-0.013601086272203244
2007-06-21,0.003444161232117898,-0.008916762014201628,0.014552739175952427,-0.0005194036354081907,0.016367189805087355,0.006180412864005502
2007-06-22,-0.01173283576917902,-0.013426877245681352,-0.004174117886179198,-0.011439796744541878,-0.013878984040642752,-0.012895816927002701
2007-06-25,-0.0036514626542666997,0.010131412166896756,-0.0029511227940694066,-0.0031164793042875996,0.004175733283122599,-0.0032079039581859314
2007-06-26,-0.0018299832126694733,0.005427224363629094,-0.01547197947877888,-0.00971183757142008,-0.0057495363074258204,-0.0032381959602871824
2007-06-27,0.0068050859451175335,-0.001926333993473049,0.012137288755488453,0.017860895401213345,0.010303655483058893,0.009009338290096647
2007-06-28,-0.008790239616404445,-0.006121899305756265,-0.0043214283888013206,0.002280275209703188,0.012229407575657438,-0.0004182355225962331
2007-06-29,0.00660113881917864,-0.0015826644789124344,0.0043222665641904166,0.040129184707690155,0.007772560283123573,-0.0015673572021088766
