Date,DIS,daily_return,ewma_short,ewma_long,crossover_long,crossover_short,crossover_signal,short_vol,long_vol,vol_trend_long,vol_trend_short,vol_trend_signal,bollinger_mid_band,bollinger_std,bollinger_upper_band,bollinger_lower_band,bollinger_long,bollinger_short,bollinger_signal
2008-06-04,29.14194679260254,0.035262251361262376,28.662836000811296,28.649082346217877,1.0,0.0,1.0,0.02748232749387828,0.02748232749387828,0.0,0.0,0.0,,,,,0.0,0.0,0.0
2008-06-05,29.26072120666504,0.004075719954737211,28.876093495785216,28.85579477751051,1.0,0.0,1.0,0.02044000150097401,0.02055377952350289,1.0,0.0,1.0,,,,,0.0,0.0,0.0
2008-06-06,28.00511360168457,-0.04291102724749196,28.63521423415439,28.638681907592588,0.0,-1.0,-1.0,0.0328146589394343,0.03228682690093557,0.0,-1.0,-1.0,,,,,0.0,0.0,0.0
2008-06-09,28.149337768554688,0.005149922579190669,28.524123600114805,28.538080947191606,0.0,-1.0,-1.0,0.028181033533029975,0.02805321317679813,0.0,-1.0,-1.0,,,,,0.0,0.0,0.0
2008-06-10,28.700790405273438,0.01959025257548941,28.558895047493895,28.566147646251036,0.0,-1.0,-1.0,0.026365534895542993,0.026359858704045655,0.0,-1.0,-1.0,,,,,0.0,0.0,0.0
2008-06-11,28.225690841674805,-0.016553535874445413,28.500851146250664,28.515465048660992,0.0,-1.0,-1.0,0.024935345032800624,0.025118936484284097,1.0,0.0,1.0,,,,,0.0,0.0,0.0
2008-06-12,28.20024299621582,-0.0009015845033423231,28.453556914774307,28.4741241762776,0.0,-1.0,-1.0,0.022660123018409018,0.023176276818092437,1.0,0.0,1.0,,,,,0.0,0.0,0.0
2008-06-13,28.78562355041504,0.020757996811508805,28.5014708846982,28.510685246025897,0.0,-1.0,-1.0,0.02227570660408591,0.02274777399600078,1.0,0.0,1.0,,,,,0.0,0.0,0.0
2008-06-16,28.548076629638672,-0.00825227636150827,28.507712979329924,28.514661920167608,0.0,-1.0,-1.0,0.020965836405901054,0.021646530923452496,1.0,0.0,1.0,,,,,0.0,0.0,0.0
2008-06-17,28.08995246887207,-0.016047461505374283,28.45527242321617,28.47332053675198,0.0,-1.0,-1.0,0.020400714678919254,0.021155020657876396,1.0,0.0,1.0,,,,,0.0,0.0,0.0
2008-06-18,27.95421028137207,-0.0048324107223186585,28.39585474305621,28.426687416444114,0.0,-1.0,-1.0,0.0191193913869921,0.020141273559743756,1.0,0.0,1.0,,,,,0.0,0.0,0.0
2008-06-19,27.903308868408203,-0.0018208853854757567,28.340313778536686,28.38299439463716,0.0,-1.0,-1.0,0.01795025898610247,0.019217306411341062,1.0,0.0,1.0,,,,,0.0,0.0,0.0
2008-06-20,27.09734344482422,-0.028884223995975233,28.20629041592818,28.282659727602006,0.0,-1.0,-1.0,0.019069647712466883,0.019974841937386637,1.0,0.0,1.0,,,,,0.0,0.0,0.0
2008-06-23,27.47911262512207,0.014088804722692139,28.13096026404472,28.223736629790665,0.0,-1.0,-1.0,0.018949443823893967,0.01973386390742361,1.0,0.0,1.0,,,,,0.0,0.0,0.0
2008-06-24,27.334896087646484,-0.0052482239671647335,28.051407652563633,28.162222917067268,0.0,-1.0,-1.0,0.017960190451129062,0.01901732629189715,1.0,0.0,1.0,,,,,0.0,0.0,0.0
2008-06-25,27.563955307006836,0.008379736239929159,28.00424993800801,28.12299364271405,0.0,-1.0,-1.0,0.017381799674346075,0.018541111052207536,1.0,0.0,1.0,,,,,0.0,0.0,0.0
2008-06-26,26.74950408935547,-0.029547690401468985,27.886371738746796,28.03736772035385,0.0,-1.0,-1.0,0.018519922002406278,0.01924213353753026,1.0,0.0,1.0,,,,,0.0,0.0,0.0
2008-06-27,26.7834415435791,0.0012687133978359633,27.785477993308536,27.96281687996839,0.0,-1.0,-1.0,0.01770821844393334,0.01866375618808556,1.0,0.0,1.0,,,,,0.0,0.0,0.0
2008-06-30,26.469541549682617,-0.011719927530065233,27.667978890698773,27.877914687065843,0.0,-1.0,-1.0,0.017036107047814983,0.0182214259725563,1.0,0.0,1.0,,,,,0.0,0.0,0.0
2008-07-01,26.34227752685547,-0.004807942086502592,27.552192507334127,27.79421068180221,0.0,-1.0,-1.0,0.016257913990578722,0.01769887771073797,1.0,0.0,1.0,27.83925437927246,0.8513453073295375,28.690599686602,26.987909071942923,1.0,0.0,1.0
2008-07-02,26.053829193115234,-0.010950014988118095,27.42393875436738,27.703060050958104,0.0,-1.0,-1.0,0.015639342668729014,0.017293958451216417,1.0,0.0,1.0,27.684848499298095,0.8821295963427338,28.566978095640827,26.802718902955363,1.0,0.0,1.0
2008-07-03,26.21502685546875,0.006187100604624796,27.32235327969271,27.62802282892871,0.0,-1.0,-1.0,0.015298684559702964,0.01698469993531997,1.0,0.0,1.0,27.532563781738283,0.8583364584115691,28.39090024014985,26.674227323326715,1.0,0.0,1.0
2008-07-07,25.519351959228516,-0.026537256668692222,27.17338803975508,27.52544897805333,0.0,-1.0,-1.0,0.015947118094929567,0.017317104550083166,1.0,0.0,1.0,27.40827569961548,0.9602317703702222,28.3685074699857,26.44804392924526,1.0,0.0,1.0
2008-07-08,25.409061431884766,-0.004321838874276951,27.02986480103474,27.42596926707636,0.0,-1.0,-1.0,0.01528159009770473,0.016890706992778205,1.0,0.0,1.0,27.27126188278198,1.0410289692604544,28.312290852042437,26.230232913521526,1.0,0.0,1.0
2008-07-09,25.061227798461914,-0.013689353869103194,26.871991723361504,27.31839139375147,0.0,-1.0,-1.0,0.014807117072986495,0.01660473746840725,1.0,0.0,1.0,27.089283752441407,1.094711282310617,28.183995034752023,25.99457247013079,1.0,0.0,1.0
2008-07-10,25.11212730407715,0.002031006063412333,26.732703355983553,27.22110933205199,0.0,-1.0,-1.0,0.014396179717060092,0.016287338901031338,1.0,0.0,1.0,26.933605575561522,1.1448391221031546,28.078444697664676,25.78876645345837,1.0,0.0,1.0
2008-07-11,24.77277374267578,-0.01351353301503333,26.579447078794388,27.116331009796095,0.0,-1.0,-1.0,0.013975071698458514,0.016030032837834832,1.0,0.0,1.0,26.762232112884522,1.2004368124906821,27.962668925375205,25.56179530039384,1.0,0.0,1.0
2008-07-14,24.687936782836914,-0.003424604798804576,26.43318305545433,27.015337769038684,0.0,-1.0,-1.0,0.013442786469086448,0.01568644018051187,1.0,0.0,1.0,26.557347774505615,1.1865243058569992,27.743872080362614,25.370823468648616,1.0,0.0,1.0
2008-07-15,24.96790313720703,0.011340208654647466,26.321039726670083,26.93249290411462,0.0,-1.0,-1.0,0.013765890127415505,0.015698520444345693,1.0,0.0,1.0,26.378339099884034,1.1395153496109778,27.51785444949501,25.238823750273056,1.0,0.0,1.0
2008-07-16,25.816286087036133,0.03397894269162105,26.282775117576296,26.88850243691133,0.0,-1.0,-1.0,0.01689740278649147,0.0171371541290263,1.0,0.0,1.0,26.264655780792236,1.0711335542936162,27.335789335085853,25.19352222649862,0.0,0.0,0.0
2008-07-17,26.469541549682617,0.025304006178275218,26.29680951319188,26.872403729685978,0.0,-1.0,-1.0,0.017823812532650186,0.01766731714011199,0.0,-1.0,-1.0,26.190422344207764,0.996741703258045,27.18716404746581,25.19368064094972,0.0,0.0,0.0
2008-07-18,26.21502685546875,-0.009615379765310683,26.29071387351849,26.847751682116307,0.0,-1.0,-1.0,0.017339468191174132,0.017392299615561768,1.0,0.0,1.0,26.10600824356079,0.9119238416575958,27.017932085218387,25.194084401903194,0.0,0.0,0.0
2008-07-21,25.867189407348633,-0.013268628334346166,26.25938373100577,26.81183246102873,0.0,-1.0,-1.0,0.017021422501601036,0.017198699305588854,1.0,0.0,1.0,26.04450054168701,0.882553763806079,26.92705430549309,25.16194677788093,0.0,0.0,0.0
2008-07-22,25.799318313598633,-0.002623829465242089,26.22558731712531,26.77557186355302,0.0,-1.0,-1.0,0.016382323008040732,0.01688081781113258,1.0,0.0,1.0,25.96051082611084,0.8162829367172302,26.77679376282807,25.144227889393612,0.0,0.0,0.0
2008-07-23,26.427120208740234,0.024334049741565833,26.2402964206364,26.763362126542354,0.0,-1.0,-1.0,0.017209356049056598,0.017309193238476343,1.0,0.0,1.0,25.915122032165527,0.7590723368640789,26.674194369029607,25.156049695301448,0.0,0.0,0.0
2008-07-24,26.316829681396484,-0.004173384253471357,26.24584886549954,26.7480415508492,0.0,-1.0,-1.0,0.016611343330267033,0.017010645625521268,1.0,0.0,1.0,25.85276575088501,0.6614408988268922,26.5142066497119,25.191324852058116,0.0,0.0,0.0
2008-07-25,26.38469696044922,0.002578854667312447,26.25586629483669,26.73582609901819,0.0,-1.0,-1.0,0.016012405698658593,0.01673326635167959,1.0,0.0,1.0,25.834525394439698,0.64009596904388,26.47462136348358,25.194429425395818,0.0,0.0,0.0
2008-07-28,25.875669479370117,-0.019292527097890755,26.22857770213466,26.70747100135631,0.0,-1.0,-1.0,0.01625149302721703,0.01676486026853006,1.0,0.0,1.0,25.789136791229247,0.6002097271058691,26.389346518335117,25.188927064123376,0.0,0.0,0.0
2008-07-29,26.23199462890625,0.013770663975292363,26.228821778256293,26.69209214295901,0.0,-1.0,-1.0,0.01614713221572403,0.016726674639676756,1.0,0.0,1.0,25.77725944519043,0.5882683605216146,26.365527805712045,25.188991084668817,0.0,0.0,0.0
2008-07-30,26.8682804107666,0.024256096071291422,26.274296232809622,26.697686862989183,0.0,-1.0,-1.0,0.016826632317725302,0.01707722645679846,1.0,0.0,1.0,25.803559589385987,0.6254422005710992,26.429001789957088,25.178117388814886,0.0,-1.0,-1.0
2008-07-31,25.748414993286133,-0.04167983214257798,26.237053166097763,26.668076087141184,0.0,-1.0,-1.0,0.019773335720505176,0.018288557706212162,0.0,-1.0,-1.0,25.788288879394532,0.6227326510547776,26.41102153044931,25.165556228339753,0.0,0.0,0.0
2008-08-01,25.519351959228516,-0.00889619940168529,26.186420454468635,26.63285748206024,0.0,-1.0,-1.0,0.019157867809932463,0.01804183021783624,0.0,-1.0,-1.0,25.753505134582518,0.6170450264149896,26.370550160997507,25.13646010816753,0.0,0.0,0.0
2008-08-04,25.765382766723633,0.009640950439814944,26.156822897986068,26.606703454581183,0.0,-1.0,-1.0,0.018718289895396527,0.017880133462780588,0.0,-1.0,-1.0,25.765806674957275,0.6145787405571359,26.38038541551441,25.15122793440014,0.0,0.0,0.0
2008-08-05,26.562862396240234,0.03095159255877844,26.185271406847715,26.605402968587423,0.0,-1.0,-1.0,0.019893684158014804,0.018484384189406473,0.0,-1.0,-1.0,25.823496723175047,0.6331999501138217,26.456696673288867,25.190296773061227,0.0,-1.0,-1.0
2008-08-06,26.656187057495117,0.0035133510787637157,26.218163512771586,26.606885838014627,0.0,-1.0,-1.0,0.01919479559679957,0.018223209810791164,0.0,-1.0,-1.0,25.90324468612671,0.6325814233859443,26.53582610951265,25.270663262740765,0.0,-1.0,-1.0
2008-08-07,26.23199462890625,-0.015913469832497862,26.219126802127487,26.596105569596926,0.0,-1.0,-1.0,0.019038661171519717,0.018138131787350537,0.0,-1.0,-1.0,25.959238052368164,0.6079530175096366,26.5671910698778,25.351285034858527,0.0,0.0,0.0
2008-08-08,27.17369270324707,0.03589883604593003,26.28543134747421,26.61246924050385,0.0,-1.0,-1.0,0.020581710235642568,0.018924601002510255,0.0,-1.0,-1.0,26.07928400039673,0.5983095707508145,26.677593571147543,25.480974429645915,0.0,-1.0,-1.0
2008-08-11,27.826953887939453,0.024040206527187413,26.392239828472363,26.646382996960764,0.0,-1.0,-1.0,0.020620300327116273,0.019082678078241523,0.0,-1.0,-1.0,26.236234855651855,0.6252302331013037,26.861465088753157,25.611004622550553,0.0,-1.0,-1.0
2008-08-12,27.28399085998535,-0.019512125910031042,26.453884111181413,26.663939268695998,0.0,-1.0,-1.0,0.020801591473385398,0.019105432647656066,0.0,-1.0,-1.0,26.35203924179077,0.5915304958512192,26.94356973764199,25.76050874593955,0.0,-1.0,-1.0
2008-08-13,26.92766571044922,-0.013059861783589644,26.48656472540086,26.671102253480818,0.0,-1.0,-1.0,0.0204621078054076,0.01896274151265834,0.0,-1.0,-1.0,26.407608222961425,0.5907539508361356,26.99836217379756,25.81685427212529,0.0,0.0,0.0
2008-08-14,27.428213119506836,0.018588592655596647,26.55138758824594,26.691394109654386,0.0,-1.0,-1.0,0.020240023344977133,0.01895641146696071,0.0,-1.0,-1.0,26.455541801452636,0.6333977064877886,27.088939507940424,25.822144094964848,0.0,-1.0,-1.0
2008-08-15,27.572439193725586,0.0052583109803889805,26.621545161533497,26.714703785533377,0.0,-1.0,-1.0,0.019543794909491107,0.018718782910228954,0.0,-1.0,-1.0,26.523412418365478,0.6774621515906075,27.200874569956085,25.84595026677487,0.0,-1.0,-1.0
2008-08-18,27.21611785888672,-0.01292309803769387,26.662327773907908,26.727803393301482,0.0,-1.0,-1.0,0.0192844745908016,0.018592123771904046,0.0,-1.0,-1.0,26.59085884094238,0.6758377319527229,27.266696572895103,25.91502110898966,0.0,0.0,0.0
2008-08-19,26.93614959716797,-0.010286855133798345,26.681079153119736,26.733180061433796,0.0,-1.0,-1.0,0.018862009508178946,0.0184209235802809,0.0,-1.0,-1.0,26.64770040512085,0.6531883822020599,27.30088878732291,25.99451202291879,0.0,0.0,0.0
2008-08-20,26.99553680419922,0.0022047400211013812,26.702580746337535,26.7398700067894,0.0,-1.0,-1.0,0.018208249544955764,0.018186045301540693,0.0,-1.0,-1.0,26.6761212348938,0.655447852372711,27.33156908726651,26.02067338252109,0.0,0.0,0.0
2008-08-21,27.0040225982666,0.00031434063078394914,26.723163345256694,26.746527637087286,0.0,-1.0,-1.0,0.01757537379490371,0.01795289152860809,1.0,0.0,1.0,26.710480880737304,0.6536312752155171,27.36411215595282,26.056849605521787,0.0,0.0,0.0
2008-08-22,27.31792640686035,0.011624335131977803,26.763720789955585,26.76076617862995,1.0,0.0,1.0,0.01718812961836106,0.017822889099230552,1.0,0.0,1.0,26.757142353057862,0.6624020117946979,27.41954436485256,26.094740341263165,0.0,0.0,0.0
2008-08-25,26.80889129638672,-0.018633738992202553,26.766797243346787,26.761952170743506,1.0,0.0,1.0,0.017384844902121475,0.01784111485156968,1.0,0.0,1.0,26.80380344390869,0.6290715990319696,27.432875042940662,26.17473184487672,0.0,0.0,0.0
2008-08-26,26.902212142944336,0.0034809662781614126,26.776009515831756,26.76537153671473,1.0,0.0,1.0,0.016803193911704768,0.017630181447883517,1.0,0.0,1.0,26.837314319610595,0.6146950391856443,27.45200935879624,26.22261928042495,0.0,0.0,0.0
2008-08-27,26.94463348388672,0.0015768718467081833,26.787468819597485,26.76969583576541,1.0,0.0,1.0,0.016224171576464563,0.0174163583830658,1.0,0.0,1.0,26.841131973266602,0.6151344246508483,27.45626639791745,26.225997548615755,0.0,0.0,0.0
2008-08-28,27.648794174194336,0.02613361546479065,26.845944610228223,26.790684792904344,1.0,0.0,1.0,0.016981910841575885,0.01767808186327503,1.0,0.0,1.0,26.93615093231201,0.5834170048009997,27.51956793711301,26.35273392751101,0.0,-1.0,-1.0
2008-08-29,27.445175170898438,-0.007364480418677544,26.886589125837315,26.806154737100776,1.0,0.0,1.0,0.01657943135766751,0.017506051945251653,1.0,0.0,1.0,27.032442092895508,0.4884712576544648,27.52091335054997,26.543970835241044,0.0,0.0,0.0
2008-09-02,27.52153205871582,0.0027821607019054007,26.929618893121454,26.822898592562588,1.0,0.0,1.0,0.016010115963233835,0.017302404762599016,1.0,0.0,1.0,27.120249557495118,0.39822275328044676,27.518472310775564,26.72202680421467,0.0,-1.0,-1.0
2008-09-03,27.580921173095703,0.002157914546805806,26.97372193276665,26.840471216299974,1.0,0.0,1.0,0.015458572787700804,0.017101144754630128,1.0,0.0,1.0,27.17115249633789,0.3881644774554227,27.55931697379331,26.782988018882467,0.0,-1.0,-1.0
2008-09-04,26.75798797607422,-0.029837045392966388,26.95912439406463,26.838576908831495,1.0,0.0,1.0,0.016967712565627225,0.017503989151185256,1.0,0.0,1.0,27.176242542266845,0.3816693881977457,27.55791193046459,26.7945731540691,1.0,0.0,1.0
2008-09-05,26.605283737182617,-0.005706865517248305,26.935198618133622,26.833267940739837,1.0,0.0,1.0,0.01643930780109714,0.01732028668379642,1.0,0.0,1.0,27.194906997680665,0.3399056767892088,27.534812674469872,26.855001320891457,1.0,0.0,1.0
2008-09-08,27.92875862121582,0.04974481374102235,27.002336871780606,26.85797551994603,1.0,0.0,1.0,0.02046137542850239,0.018701159334165333,0.0,-1.0,-1.0,27.2326602935791,0.37730090219946266,27.609961195778563,26.85535939137964,0.0,-1.0,-1.0
2008-09-09,27.51305389404297,-0.014884468472475043,27.03682685550524,26.872621399826237,1.0,0.0,1.0,0.020258806364835444,0.018632918325203803,0.0,-1.0,-1.0,27.21696529388428,0.35727569185250047,27.57424098573678,26.85968960203178,0.0,0.0,0.0
2008-09-10,27.801498413085938,0.01048391502280377,27.088437832934474,26.89321184318464,1.0,0.0,1.0,0.01969823033928588,0.018485586036941025,0.0,-1.0,-1.0,27.242840671539305,0.38037850382990196,27.623219175369208,26.862462167709403,0.0,-1.0,-1.0
2008-09-11,27.945722579956055,0.005187640059078014,27.146269179045717,26.916348536781463,1.0,0.0,1.0,0.019038566551365165,0.018292650594944046,0.0,-1.0,-1.0,27.293743515014647,0.40340354935066336,27.69714706436531,26.890339965663983,0.0,-1.0,-1.0
2008-09-12,28.217206954956055,0.009714702284875587,27.21847778158314,26.944711499893632,1.0,0.0,1.0,0.018483022566686946,0.018140057565618005,0.0,-1.0,-1.0,27.333193206787108,0.45280012644728307,27.78599333323439,26.880393080339825,0.0,-1.0,-1.0
2008-09-15,27.45366668701172,-0.027059385046974915,27.234328261741645,26.955719922243134,1.0,0.0,1.0,0.01940552333960849,0.01840013665927097,0.0,-1.0,-1.0,27.327254581451417,0.4502689843717714,27.777523565823188,26.876985597079646,0.0,0.0,0.0
2008-09-16,27.580921173095703,0.0046352455405962445,27.25767679340491,26.969137194665922,1.0,0.0,1.0,0.018766191354113386,0.01821155904155874,0.0,-1.0,-1.0,27.345494747161865,0.4529111858543372,27.798405933016202,26.89258356130753,0.0,0.0,0.0
2008-09-17,27.30944061279297,-0.009843056314143506,27.261162517623713,26.976384595535695,1.0,0.0,1.0,0.01833400155369689,0.018075343840975484,0.0,-1.0,-1.0,27.364159297943115,0.4427314406839662,27.806890738627082,26.921427857259147,0.0,0.0,0.0
2008-09-18,28.36991310119629,0.03883171769935667,27.33579691749774,27.00584061256797,1.0,0.0,1.0,0.02025144066884944,0.01874250704448014,0.0,-1.0,-1.0,27.43287811279297,0.48695747692925384,27.919835589722226,26.945920635863715,0.0,-1.0,-1.0
2008-09-19,29.175880432128906,0.02840922804584234,27.459617277452903,27.051374703625036,1.0,0.0,1.0,0.020612426908944822,0.018963793581796545,0.0,-1.0,-1.0,27.541471004486084,0.6123172471828515,28.153788251668935,26.929153757303233,0.0,-1.0,-1.0
2008-09-22,27.92027473449707,-0.043035743190431575,27.490605175164625,27.069476274441627,1.0,0.0,1.0,0.023320664269103678,0.019826101887504208,0.0,-1.0,-1.0,27.57158842086792,0.6155483099646489,28.187136730832567,26.95604011090327,0.0,0.0,0.0
2008-09-23,27.597885131835938,-0.011546791918304544,27.49781959693801,27.080407248016222,1.0,0.0,1.0,0.022763259468168155,0.01969497346244643,0.0,-1.0,-1.0,27.61103811264038,0.5887968895532197,28.1998350021936,27.02224122308716,0.0,0.0,0.0
2008-09-24,26.953121185302734,-0.023362802745686695,27.46119972743088,27.07779222841397,1.0,0.0,1.0,0.022812627460108013,0.019781106887770034,0.0,-1.0,-1.0,27.6135835647583,0.5856730095070368,28.199256574265338,27.027910555251264,1.0,0.0,1.0
2008-09-25,27.546985626220703,0.022033234549540648,27.466965566966593,27.087366652162892,1.0,0.0,1.0,0.02280613190432199,0.019830742537227667,0.0,-1.0,-1.0,27.643701171875,0.5645699004219339,28.208271072296935,27.07913127145307,0.0,0.0,0.0
2008-09-26,27.784528732299805,0.008623197808365513,27.48830438668427,27.101499211793286,1.0,0.0,1.0,0.022123985308637267,0.019663139729295256,0.0,-1.0,-1.0,27.650487899780273,0.5654494973202893,28.215937397100564,27.085038402459983,0.0,0.0,0.0
2008-09-29,25.2224178314209,-0.09221358136265334,27.336081761341728,27.06365346830525,1.0,0.0,1.0,0.03195386066917112,0.02346272815006785,0.0,-1.0,-1.0,27.539350032806396,0.7840941128088109,28.32344414561521,26.755255919997584,1.0,0.0,1.0
2008-09-30,26.036863327026367,0.03229054014761701,27.24881865716507,27.04310430925906,1.0,0.0,1.0,0.03230925600152908,0.023706767952008982,0.0,-1.0,-1.0,27.465116596221925,0.8531120965336726,28.318228692755596,26.612004499688254,1.0,0.0,1.0
2008-10-01,26.028379440307617,-0.000325841350864442,27.166863121476588,27.022922661366522,1.0,0.0,1.0,0.03121131029149904,0.02346842446433489,0.0,-1.0,-1.0,27.38748950958252,0.9107107808088221,28.298200290391343,26.476778728773695,1.0,0.0,1.0
2008-10-02,25.417543411254883,-0.023468077620952155,27.049413727299978,26.991187877891957,1.0,0.0,1.0,0.030612145394009714,0.023450984751550847,0.0,-1.0,-1.0,27.320467281341553,1.0040199271299393,28.324487208471492,26.316447354211615,1.0,0.0,1.0
2008-10-03,25.061227798461914,-0.014018491363535612,26.9159499391639,26.953264411228815,0.0,-1.0,-1.0,0.029677406883851173,0.023287044108493905,0.0,-1.0,-1.0,27.24326448440552,1.115124122651771,28.35838860705729,26.128140361753747,1.0,0.0,1.0
2008-10-06,23.975292205810547,-0.043331300500688785,26.71858007840493,26.895089857652312,0.0,-1.0,-1.0,0.030310954397496308,0.02378370670552381,0.0,-1.0,-1.0,27.045591163635255,1.3189864557114495,28.364577619346704,25.726604707923805,1.0,0.0,1.0
2008-10-07,22.541526794433594,-0.05980179090494975,26.43826853752281,26.81053090557349,0.0,-1.0,-1.0,0.032192001237821996,0.024869069739331357,0.0,-1.0,-1.0,26.797014808654787,1.6525427057008872,28.449557514355675,25.1444721029539,1.0,0.0,1.0
2008-10-08,21.786470413208008,-0.03349623954540826,26.126141910845025,26.713497712943234,0.0,-1.0,-1.0,0.031627513078216825,0.02497702239064554,0.0,-1.0,-1.0,26.496263408660887,1.9758354691829307,28.47209887784382,24.520427939477955,1.0,0.0,1.0
2008-10-09,20.191505432128906,-0.07320896642863994,25.72799149808266,26.588228708926962,0.0,-1.0,-1.0,0.03426143089506692,0.026519118775580008,0.0,-1.0,-1.0,26.108552551269533,2.393161719511334,28.501714270780866,23.7153908317582,1.0,0.0,1.0
2008-10-10,19.546741485595703,-0.0319324355828986,25.313346658021064,26.453713424119847,0.0,-1.0,-1.0,0.033328474775315545,0.026518259331849352,0.0,-1.0,-1.0,25.675029277801514,2.749826116929452,28.424855394730965,22.925203160872062,1.0,0.0,1.0
2008-10-13,22.668785095214844,0.1597219471040645,25.135966880781297,26.381792760568135,0.0,-1.0,-1.0,0.055411778388609126,0.03473937876035128,0.0,-1.0,-1.0,25.43578519821167,2.7947180278924786,28.230503226104148,22.64106717031919,0.0,0.0,0.0
2008-10-14,21.786470413208008,-0.038922010081302694,24.91132861473469,26.294927806341228,0.0,-1.0,-1.0,0.054191951005894044,0.034764641616841854,0.0,-1.0,-1.0,25.146062660217286,2.860213787758418,28.006276447975704,22.285848872458867,1.0,0.0,1.0
2008-10-15,19.826702117919922,-0.08995345542984234,24.57035548203107,26.173284247256113,0.0,-1.0,-1.0,0.05636944518264866,0.036412022112834584,0.0,-1.0,-1.0,24.771925735473634,3.0457170875121857,27.817642822985817,21.72620864796145,1.0,0.0,1.0
2008-10-16,20.590248107910156,0.0385109931772325,24.30347570135727,26.068814278477518,0.0,-1.0,-1.0,0.05602061448405137,0.03655185751217389,0.0,-1.0,-1.0,24.382942485809327,3.0587769682865718,27.4417194540959,21.324165517522754,1.0,0.0,1.0
2008-10-17,20.99747085571289,0.01977745705969869,24.081815947692746,25.974386044859887,0.0,-1.0,-1.0,0.05463164088027045,0.03635426898008526,0.0,-1.0,-1.0,23.974022006988527,2.9281848080663826,26.90220681505491,21.045837198922143,1.0,0.0,1.0
2008-10-20,22.524560928344727,0.07272733383584407,23.97741412219795,25.91046063311122,0.0,-1.0,-1.0,0.05661269679186051,0.03747735152413923,0.0,-1.0,-1.0,23.70423631668091,2.7908063312170652,26.495042647897975,20.913429985463843,0.0,0.0,0.0
2008-10-21,21.472564697265625,-0.046704405667472026,23.809496097525574,25.8286160307182,0.0,-1.0,-1.0,0.05583138933995893,0.03761175830524902,0.0,-1.0,-1.0,23.397970294952394,2.674708830082465,26.07267912503486,20.72326146486993,0.0,0.0,0.0
2008-10-22,19.555219650268555,-0.08929278239600458,23.524321439800666,25.713459094984948,0.0,-1.0,-1.0,0.05800167631085376,0.039037689201240545,0.0,-1.0,-1.0,23.028075218200684,2.668712152416525,25.69678737061721,20.35936306578416,1.0,0.0,1.0
2008-10-23,19.852155685424805,0.015184489894091824,23.27818321210331,25.60635819676523,0.0,-1.0,-1.0,0.05641959574428156,0.038770353332582747,0.0,-1.0,-1.0,22.64333372116089,2.5342273784572558,25.177561099618146,20.109106342703633,1.0,0.0,1.0
2008-10-24,19.18193244934082,-0.033760728391630246,23.003636147233014,25.48949412453182,0.0,-1.0,-1.0,0.054851462889589774,0.038617579382302224,0.0,-1.0,-1.0,22.21320390701294,2.338162112140569,24.55136601915351,19.87504179487237,1.0,0.0,1.0
2008-10-27,18.129932403564453,-0.05484327757668228,22.67699969437432,25.356208939645015,0.0,-1.0,-1.0,0.05414868068431744,0.03884722850835901,0.0,-1.0,-1.0,21.858579635620117,2.394902584999947,24.253482220620064,19.46367705062017,1.0,0.0,1.0
2008-10-28,20.284826278686523,0.11885835132503897,22.516684348257378,25.264760947975088,0.0,-1.0,-1.0,0.06226012548665266,0.04195173133803675,0.0,-1.0,-1.0,21.570977783203126,2.2045402665917457,23.775518049794872,19.36643751661138,0.0,0.0,0.0
2008-10-29,20.33573341369629,0.002509616513859614,22.370531665172926,25.1762573828079,0.0,-1.0,-1.0,0.06016773133473817,0.041579585250720856,0.0,-1.0,-1.0,21.28634548187256,1.9517474779215493,23.23809295979411,19.334598003951008,0.0,0.0,0.0
2008-10-30,21.489534378051758,0.05673761259962107,22.311495876164347,25.110336217100635,0.0,-1.0,-1.0,0.06016717489342672,0.04197713543862485,0.0,-1.0,-1.0,21.0899450302124,1.6948850726670288,22.78483010287943,19.395059957545374,0.0,0.0,0.0
2008-10-31,21.98159408569336,0.02289764398730587,22.289390051369708,25.054621314211293,0.0,-1.0,-1.0,0.05841682369708573,0.04173535089172079,0.0,-1.0,-1.0,20.935963344573974,1.4350832875874704,22.371046632161445,19.500880056986503,0.0,0.0,0.0
2008-11-03,21.24350357055664,-0.033577661031285344,22.219310855987025,24.987028131804276,0.0,-1.0,-1.0,0.057115666484208766,0.041575280566841476,0.0,-1.0,-1.0,20.79937391281128,1.2484462851335425,22.047820197944823,19.550927627677737,0.0,0.0,0.0
2008-11-04,22.074914932250977,0.03913720535470744,22.209636029843505,24.935583661907014,0.0,-1.0,-1.0,0.056112473396981125,0.04157159996145989,0.0,-1.0,-1.0,20.776043319702147,1.2181687357894604,21.99421205549161,19.557874583912685,0.0,-1.0,-1.0
2008-11-05,20.55631446838379,-0.06879303809449999,22.098863942911784,24.858521297667167,0.0,-1.0,-1.0,0.05708108441486194,0.042146022435029816,0.0,-1.0,-1.0,20.714535522460938,1.1953070511186352,21.909842573579574,19.519228471342302,0.0,0.0,0.0
2008-11-06,19.351608276367188,-0.058605164552696154,21.914804595219135,24.76198540317744,0.0,-1.0,-1.0,0.056913310051802876,0.042415209531800294,0.0,-1.0,-1.0,20.67254066467285,1.2289310464953667,21.901471711168217,19.443609618177486,1.0,0.0,1.0
2008-11-07,19.818218231201172,0.024112205464794645,21.774342771834824,24.675646289702758,0.0,-1.0,-1.0,0.05553582437695761,0.04220308534610633,0.0,-1.0,-1.0,20.686114501953124,1.217285955924203,21.90340045787733,19.46882854602892,0.0,0.0,0.0
2008-11-10,18.73229217529297,-0.054794333337118806,21.570544916009123,24.57223246927346,0.0,-1.0,-1.0,0.05513196418182722,0.042375209817016805,0.0,-1.0,-1.0,20.489289855957033,1.1979270922515945,21.687216948208626,19.29136276370544,1.0,0.0,1.0
2008-11-11,18.477771759033203,-0.013587254238723978,21.3633544794266,24.466573227018937,0.0,-1.0,-1.0,0.05327127443977667,0.04202266767448574,0.0,-1.0,-1.0,20.32385492324829,1.2371808012700318,21.561035724518323,19.08667412197826,1.0,0.0,1.0
2008-11-12,17.1033935546875,-0.07438008339256663,21.07797910943371,24.339372352895023,0.0,-1.0,-1.0,0.054117700521835156,0.04265209189341152,0.0,-1.0,-1.0,20.18768949508667,1.4296687213552546,21.617358216441925,18.758020773731413,1.0,0.0,1.0
2008-11-13,18.36748695373535,0.0739089231038248,20.89640706568936,24.236567092541197,0.0,-1.0,-1.0,0.056750296383866555,0.04354301655710276,0.0,-1.0,-1.0,20.07655143737793,1.4821597133374018,21.558711150715332,18.594391724040527,1.0,0.0,1.0
2008-11-14,17.8839054107666,-0.02632812775023674,20.694608186702144,24.12758254897067,0.0,-1.0,-1.0,0.055034494407503694,0.04326239862665912,0.0,-1.0,-1.0,19.920873165130615,1.5426232004867142,21.46349636561733,18.3782499646439,1.0,0.0,1.0
2008-11-17,16.74707794189453,-0.06356707009799267,20.430179738034912,24.001392198141716,0.0,-1.0,-1.0,0.05498221372440279,0.04357115238277814,0.0,-1.0,-1.0,19.631999015808105,1.5700965626138839,21.20209557842199,18.06190245319422,1.0,0.0,1.0
2008-11-18,17.53607177734375,0.04711232838270063,20.236319259537648,23.89121641874715,0.0,-1.0,-1.0,0.05520324692291183,0.04373936550732387,0.0,-1.0,-1.0,19.43517436981201,1.5739539757608538,21.009128345572865,17.861220394051156,1.0,0.0,1.0
2008-11-19,16.916751861572266,-0.03531691268346848,20.013963475423854,23.772752115890423,0.0,-1.0,-1.0,0.05376956708687939,0.04354620278409078,0.0,-1.0,-1.0,19.303250980377197,1.6709476776195915,20.974198657996787,17.632303302757606,1.0,0.0,1.0
2008-11-20,15.890210151672363,-0.06068196296191897,19.737745131568122,23.63929321390619,0.0,-1.0,-1.0,0.053518216193760584,0.0437682323173703,0.0,-1.0,-1.0,19.105153703689574,1.829753468986083,20.934907172675658,17.27540023470349,1.0,0.0,1.0
2008-11-21,17.9178409576416,0.127602516682628,19.615845685237385,23.54272910292834,0.0,-1.0,-1.0,0.0629152572572349,0.04672707778853876,0.0,-1.0,-1.0,19.041949129104616,1.8486962348217808,20.890645363926396,17.193252894282836,0.0,0.0,0.0
2008-11-24,18.83409309387207,0.051136302548756785,19.56348366924815,23.463505257881664,0.0,-1.0,-1.0,0.06236400271766201,0.04687541806892468,0.0,-1.0,-1.0,19.077157163619994,1.8370817119905036,20.914238875610497,17.24007545162949,0.0,0.0,0.0
2008-11-25,18.68987464904785,-0.007657307633843091,19.504969860140154,23.383432720195714,0.0,-1.0,-1.0,0.06026900950236001,0.04648322131664512,0.0,-1.0,-1.0,18.99740958213806,1.8163996290179243,20.813809211155984,17.18100995312014,0.0,0.0,0.0
2008-11-26,19.088611602783203,0.02133438352170347,19.477082778951818,23.311607650213173,0.0,-1.0,-1.0,0.05848521107983594,0.04619931312383983,0.0,-1.0,-1.0,18.935053491592406,1.7892410346807428,20.724294526273148,17.145812456911663,0.0,0.0,0.0
2008-11-28,19.105571746826172,0.0008884954231294095,19.45219978854777,23.241474730285777,0.0,-1.0,-1.0,0.05649264858920754,0.0458137119801053,0.0,-1.0,-1.0,18.81585536003113,1.6865696438606206,20.50242500389175,17.129285716170507,0.0,0.0,0.0
2008-12-01,17.24761962890625,-0.0972466117497146,19.304543459633162,23.141820784692893,0.0,-1.0,-1.0,0.05999702231408311,0.047028265853233685,0.0,-1.0,-1.0,18.579156637191772,1.5451581767027196,20.124314813894493,17.03399846048905,0.0,0.0,0.0
2008-12-02,18.20629119873047,0.0555828334837305,19.230986476877753,23.059996491646555,0.0,-1.0,-1.0,0.06001984949484806,0.0472627997727331,0.0,-1.0,-1.0,18.427296018600465,1.4131304021081332,19.8404264207086,17.01416561649233,0.0,0.0,0.0
2008-12-03,18.61351776123047,0.0223673541225351,19.189631033567405,22.986486649597797,0.0,-1.0,-1.0,0.05829701197076893,0.04698400563352494,0.0,-1.0,-1.0,18.254226160049438,1.1255946829007253,19.379820842950163,17.128631477148712,0.0,0.0,0.0
2008-12-04,18.48625946044922,-0.0068368753512199065,19.142522592935563,22.912293363555367,0.0,-1.0,-1.0,0.056337254562356054,0.04659686779416483,0.0,-1.0,-1.0,18.15072340965271,0.9897441694871996,19.14046757913991,17.16097924016551,0.0,0.0,0.0
2008-12-05,19.31767463684082,0.04497476507729359,19.154253337422634,22.853191164665475,0.0,-1.0,-1.0,0.05563552408481825,0.04661388459843578,0.0,-1.0,-1.0,18.149026727676393,0.9876039593134815,19.136630686989875,17.16142276836291,0.0,-1.0,-1.0
2008-12-08,21.141695022583008,0.09442235776471719,19.287360506656018,22.825126055534348,0.0,-1.0,-1.0,0.05860611930573071,0.047841473277721626,0.0,-1.0,-1.0,18.215200567245482,1.138192328017853,19.353392895263333,17.07700823922763,0.0,-1.0,-1.0
2008-12-09,19.962444305419922,-0.05577843762779855,19.33257333205892,22.778306974940968,0.0,-1.0,-1.0,0.05893714446459754,0.04796769830581765,0.0,-1.0,-1.0,18.27670817375183,1.1992095416725042,19.475917715424337,17.077498632079326,0.0,-1.0,-1.0
2008-12-10,20.106672286987305,0.007224966009208744,19.384417219506545,22.734725239192493,0.0,-1.0,-1.0,0.056933985241313365,0.04758651309781816,0.0,-1.0,-1.0,18.358153200149538,1.2669823912670413,19.62513559141658,17.091170808882495,0.0,-1.0,-1.0
2008-12-11,19.650285720825195,-0.022698264518762556,19.40222317463655,22.68453726897733,0.0,-1.0,-1.0,0.05542978160842732,0.04727534693332564,0.0,-1.0,-1.0,18.485497808456422,1.2622139053359511,19.747711713792373,17.22328390312047,0.0,0.0,0.0
2008-12-12,19.46945571899414,-0.009202410814791007,19.40672589963668,22.6323542463028,0.0,-1.0,-1.0,0.05362745579526363,0.04689904540967552,0.0,-1.0,-1.0,18.54059624671936,1.2807075504033474,19.82130379712271,17.25988869631601,0.0,0.0,0.0
2008-12-15,19.60723304748535,0.0070765886052375215,19.42015427255305,22.583375068519643,0.0,-1.0,-1.0,0.05181710616109262,0.046530315164740314,0.0,-1.0,-1.0,18.626762628555298,1.2921219403734143,19.91888456892871,17.334640688181885,0.0,0.0,0.0
2008-12-16,20.476947784423828,0.04435683172797389,19.49092953472959,22.549352747740645,0.0,-1.0,-1.0,0.05118420146945928,0.046517610473194186,0.0,-1.0,-1.0,18.813256120681764,1.275608775297663,20.088864895979427,17.5376473453841,0.0,-1.0,-1.0
2008-12-17,20.304725646972656,-0.00841053751097498,19.545430591099002,22.513184507641256,0.0,-1.0,-1.0,0.04955977360414008,0.04615031397665956,0.0,-1.0,-1.0,18.95168881416321,1.279933931132216,20.231622745295425,17.671754883030992,0.0,-1.0,-1.0
2008-12-18,19.658899307250977,-0.031806701107432556,19.5530297153876,22.46730033572754,0.0,-1.0,-1.0,0.04873954972288718,0.04594244466350263,0.0,-1.0,-1.0,19.088796186447144,1.1944960651392325,20.283292251586378,17.89430012130791,0.0,0.0,0.0
2008-12-19,19.3144588470459,-0.01752084157010947,19.537052428156702,22.416733431384877,0.0,-1.0,-1.0,0.0473345356070022,0.04561666800438136,0.0,-1.0,-1.0,19.26000862121582,0.9274552961612375,20.18746391737706,18.332553325054583,0.0,0.0,0.0
2008-12-22,18.883909225463867,-0.0222915705271175,19.493311057612015,22.360200566171255,0.0,-1.0,-1.0,0.046087812661172164,0.04532356872851355,0.0,-1.0,-1.0,19.308312034606935,0.8776963125618624,20.186008347168798,18.430615722045072,0.0,0.0,0.0
2008-12-23,18.815021514892578,-0.003647958150444719,19.447885784063047,22.30359649975258,0.0,-1.0,-1.0,0.04452275190934983,0.0449599144413748,1.0,0.0,1.0,19.30735845565796,0.8782488339225856,20.185607289580545,18.42910962173537,0.0,0.0,0.0
2008-12-24,18.93557357788086,0.0064072242964410275,19.4135761811909,22.24993899822011,0.0,-1.0,-1.0,0.04304976246430864,0.04461232841399429,1.0,0.0,1.0,19.319643402099608,0.8708440738180943,20.190487475917703,18.448799328281513,0.0,0.0,0.0
2008-12-26,19.099184036254883,0.008640375096170327,19.392521371068863,22.199851288881124,0.0,-1.0,-1.0,0.04165116649475144,0.04427552423574261,1.0,0.0,1.0,19.320172023773193,0.8706996481370478,20.19087167191024,18.449472375636145,0.0,0.0,0.0
2008-12-29,18.487802505493164,-0.032010871752487846,19.331932615341774,22.140966074620707,0.0,-1.0,-1.0,0.04104436866806109,0.04408579091583525,1.0,0.0,1.0,19.289283561706544,0.8894688971921663,20.17875245889871,18.399814664514377,0.0,0.0,0.0
2008-12-30,19.35751724243164,0.047042623734219635,19.333646005655353,22.096903840750915,0.0,-1.0,-1.0,0.04157981513377386,0.044169428006197886,1.0,0.0,1.0,19.394778442382812,0.7485292346040816,20.143307676986893,18.64624920777873,0.0,0.0,0.0
2008-12-31,19.538341522216797,0.009341295039055453,19.347354332597444,22.056484955375428,0.0,-1.0,-1.0,0.04021833097378631,0.043839383251507415,1.0,0.0,1.0,19.46138095855713,0.6945280416617107,20.15590900021884,18.766852916895417,0.0,0.0,0.0
2009-01-02,20.597496032714844,0.05420902840160191,19.431075320749645,22.03348327757974,0.0,-1.0,-1.0,0.04108645209140946,0.04404301082436024,1.0,0.0,1.0,19.56057987213135,0.7085972719949822,20.26917714412633,18.851982600136367,0.0,-1.0,-1.0
2009-01-05,20.2358341217041,-0.01755853771916338,19.484969254896335,22.005198972269792,0.0,-1.0,-1.0,0.040105380826689824,0.04374686518077368,1.0,0.0,1.0,19.64805860519409,0.676245251507401,20.32430385670149,18.97181335368669,0.0,0.0,0.0
2009-01-06,20.933319091796875,0.03446781417054012,19.581963672491764,21.988367062752012,0.0,-1.0,-1.0,0.03952543329303805,0.043623000935154324,1.0,0.0,1.0,19.728840827941895,0.7291332549200537,20.45797408286195,18.99970757302184,0.0,-1.0,-1.0
2009-01-07,19.960283279418945,-0.04648263412557607,19.60729927790408,21.956581256250775,0.0,-1.0,-1.0,0.04042135847892754,0.043663459208232655,1.0,0.0,1.0,19.66977024078369,0.6524727343713436,20.322242975155035,19.017297506412348,0.0,0.0,0.0
2009-01-08,19.719175338745117,-0.012079384711059404,19.614791468733497,21.921581473322796,0.0,-1.0,-1.0,0.03921318504987289,0.043342444292465185,1.0,0.0,1.0,19.65760679244995,0.6489877331964098,20.30659452564636,19.00861905925354,0.0,0.0,0.0
2009-01-09,19.21112632751465,-0.025764211864997777,19.587758596588948,21.8792611536139,0.0,-1.0,-1.0,0.038495811061344525,0.04311207872411855,1.0,0.0,1.0,19.61282949447632,0.6472655575515248,20.260095052027843,18.965563936924795,0.0,0.0,0.0
2009-01-12,18.82362937927246,-0.020170444024783962,19.5365860445639,21.831639269378176,0.0,-1.0,-1.0,0.037517664401227044,0.04283763161755878,1.0,0.0,1.0,19.57149667739868,0.6707171007468621,20.242213778145544,18.900779576651818,1.0,0.0,1.0
2009-01-13,18.255308151245117,-0.03019190489657364,19.45078096943097,21.776003436219657,0.0,-1.0,-1.0,0.03694883896174233,0.04264949867369975,1.0,0.0,1.0,19.51078929901123,0.7325370232721443,20.243326322283373,18.778252275739085,1.0,0.0,1.0
2009-01-14,17.910865783691406,-0.01886806646592909,19.347655518863654,21.71598213377106,0.0,-1.0,-1.0,0.03589629921479715,0.04236722386411748,1.0,0.0,1.0,19.425970935821532,0.814415194848228,20.24038613066976,18.611555740973305,1.0,0.0,1.0
2009-01-15,18.393083572387695,0.02692319815915134,19.2837295707675,21.664471943359587,0.0,-1.0,-1.0,0.03559934826255464,0.04219446395339387,1.0,0.0,1.0,19.321777725219725,0.80613925755734,20.127916982777066,18.515638467662384,1.0,0.0,1.0
2009-01-16,18.479190826416016,0.004681501809603361,19.22985113673951,21.61518052681667,0.0,-1.0,-1.0,0.034437344401292376,0.04187427993670682,1.0,0.0,1.0,19.230500984191895,0.7922149743143846,20.02271595850628,18.438286009877512,0.0,0.0,0.0
2009-01-20,17.428646087646484,-0.056850148290463975,19.10922798240968,21.550505398915703,0.0,-1.0,-1.0,0.03605634237440766,0.04210335340726904,1.0,0.0,1.0,19.11898832321167,0.8807574855548723,19.999745808766544,18.238230837656797,1.0,0.0,1.0
2009-01-21,18.281139373779297,0.04891333967341649,19.05377257603121,21.500083789322495,0.0,-1.0,-1.0,0.037509462192842215,0.04226279466631743,1.0,0.0,1.0,19.06732234954834,0.8988102047339313,19.96613255428227,18.16851214481441,0.0,0.0,0.0
2009-01-22,18.057254791259766,-0.012246752127531457,18.987037874631127,21.447074694844616,0.0,-1.0,-1.0,0.03632244983553837,0.04195504657198628,1.0,0.0,1.0,19.025989627838136,0.9262761927281539,19.95226582056629,18.099713435109983,1.0,0.0,1.0
2009-01-23,17.747257232666016,-0.017167479895327076,18.90401244487197,21.390201443924415,0.0,-1.0,-1.0,0.03527405000806441,0.04167249310632023,1.0,0.0,1.0,18.972601413726807,0.9688682242902413,19.941469638017047,18.003733189436566,1.0,0.0,1.0
2009-01-26,17.96253204345703,0.012130032712591499,18.840963589765547,21.337596039021932,0.0,-1.0,-1.0,0.03431258501834374,0.04138940538200005,1.0,0.0,1.0,18.923949337005617,0.9949063871723712,19.918855724177988,17.929042949833246,0.0,0.0,0.0
2009-01-27,18.298362731933594,0.018696177558045868,18.804626841468245,21.291025652459,0.0,-1.0,-1.0,0.03358907042408717,0.041150574506129335,1.0,0.0,1.0,18.88390827178955,1.0035600138885312,19.887468285678082,17.88034825790102,0.0,0.0,0.0
2009-01-28,19.1852970123291,0.04847069070544019,18.83011944065715,21.258809544840208,0.0,-1.0,-1.0,0.03482783483255252,0.04130112849279529,1.0,0.0,1.0,18.91878299713135,1.0011869743228334,19.919969971454183,17.917596022808514,0.0,0.0,0.0
2009-01-29,18.298362731933594,-0.046229895728251424,18.794508950158406,21.213586155505627,0.0,-1.0,-1.0,0.03581251368062155,0.04136074251271233,1.0,0.0,1.0,18.865825271606447,1.0047643071920136,19.87058957879846,17.861060964414435,0.0,0.0,0.0
2009-01-30,17.807533264160156,-0.02682368225856957,18.728413561789612,21.16163412066565,0.0,-1.0,-1.0,0.035201693882155834,0.04115994419424206,1.0,0.0,1.0,18.779284858703612,1.0182387774851787,19.797523636188792,17.76104608121843,0.0,0.0,0.0
2009-02-02,17.394207000732422,-0.023210753409603546,18.63906500912209,21.104255336360065,0.0,-1.0,-1.0,0.03439252127596909,0.040927412879862186,1.0,0.0,1.0,18.619120407104493,0.9678758543634964,19.586996261467988,17.651244552740998,1.0,0.0,1.0
2009-02-03,17.75586700439453,0.020791979976257702,18.57991942961986,21.053333105406676,0.0,-1.0,-1.0,0.03382737418507582,0.04071446461834909,1.0,0.0,1.0,18.495122051239015,0.906782080154772,19.40190413139379,17.588339971084242,0.0,0.0,0.0
2009-02-04,16.36088752746582,-0.07856442473822633,18.43131644362131,20.982073138761503,0.0,-1.0,-1.0,0.037963595270120915,0.04148193331419975,1.0,0.0,1.0,18.26650047302246,0.8331176940379201,19.09961816706038,17.43338277898454,1.0,0.0,1.0
2009-02-05,16.11117172241211,-0.015262974250907946,18.275942260480097,20.908207923787344,0.0,-1.0,-1.0,0.03672111241536669,0.04119230770778212,1.0,0.0,1.0,18.07404489517212,0.8652159933952352,18.939260888567354,17.208828901776883,1.0,0.0,1.0
2009-02-06,16.748382568359375,0.03955086923074913,18.173645523717553,20.845213905669464,0.0,-1.0,-1.0,0.03749197588563436,0.041216656132762236,1.0,0.0,1.0,17.925505256652833,0.8218407302942842,18.747345986947117,17.10366452635855,1.0,0.0,1.0
2009-02-09,16.73977279663086,-0.0005140658623824512,18.07762280146423,20.7831288887462,0.0,-1.0,-1.0,0.036232761866109166,0.0409042985398936,1.0,0.0,1.0,17.801937580108643,0.8039632764792395,18.605900856587883,16.9979743036294,1.0,0.0,1.0
2009-02-10,16.154226303100586,-0.03497935728543,17.94881799700451,20.713222509638783,0.0,-1.0,-1.0,0.03583676218081409,0.04078572859050595,1.0,0.0,1.0,17.668467426300047,0.845906388044785,18.514373814344832,16.822561038255262,1.0,0.0,1.0
2009-02-11,15.930336952209473,-0.01385949080384874,17.813645679401926,20.641086947110526,0.0,-1.0,-1.0,0.03466364885191295,0.04049760434117941,1.0,0.0,1.0,17.552218866348266,0.9177213108694667,18.469940177217733,16.6344975554788,1.0,0.0,1.0
2009-02-12,16.214502334594727,0.01783800199818386,17.70655533055262,20.574412779561545,0.0,-1.0,-1.0,0.03408330879752573,0.04027458103077805,1.0,0.0,1.0,17.46740069389343,0.9602360220961813,18.427636715989614,16.50716467179725,1.0,0.0,1.0
2009-02-13,15.947558403015137,-0.01646328244130235,17.588760052248066,20.504812232920568,0.0,-1.0,-1.0,0.03303978295711165,0.04000377635614557,1.0,0.0,1.0,17.345124435424804,0.9913577418553394,18.336482177280143,16.353766693569465,1.0,0.0,1.0
2009-02-17,15.36201286315918,-0.03671693967555878,17.43964084471838,20.42754900681724,0.0,-1.0,-1.0,0.03284186384493086,0.03991175677770198,1.0,0.0,1.0,17.189265537261964,1.047146455361353,18.236411992623317,16.14211908190061,1.0,0.0,1.0
2009-02-18,15.181181907653809,-0.011771306085743172,17.288398029020644,20.34882871787706,0.0,-1.0,-1.0,0.03173547740511238,0.03962292963532397,1.0,0.0,1.0,17.07689232826233,1.1368548565906542,18.213747184852984,15.940037471671674,1.0,0.0,1.0
2009-02-19,15.23284912109375,0.0034033722640456343,17.15074357796199,20.272159729758915,0.0,-1.0,-1.0,0.030804341882634697,0.039334537203597475,1.0,0.0,1.0,16.92447781562805,1.1707402306179189,18.09521804624597,15.753737585010132,1.0,0.0,1.0
2009-02-20,15.095071792602539,-0.00904475107683056,17.013080930952203,20.19466941278859,0.0,-1.0,-1.0,0.02975691491952624,0.03904401152092692,1.0,0.0,1.0,16.77636866569519,1.2067101291232112,17.983078794818404,15.56965853657198,1.0,0.0,1.0
2009-02-23,14.61285400390625,-0.031945378950274606,16.852344415973526,20.111221352289025,0.0,-1.0,-1.0,0.029391501745664347,0.038901783970051375,1.0,0.0,1.0,16.619648504257203,1.275555282202114,17.895203786459316,15.34409322205509,1.0,0.0,1.0
2009-02-24,15.430899620056152,0.05598123514620923,16.75715423510056,20.041333265311582,0.0,-1.0,-1.0,0.032908373005631555,0.03930054982262851,1.0,0.0,1.0,16.49306688308716,1.2608083007715656,17.753875183858725,15.232258582315595,0.0,0.0,0.0
2009-02-25,14.948685646057129,-0.031249893776268967,16.636046177116,19.965376685711664,0.0,-1.0,-1.0,0.032478647537404974,0.039153473232583995,1.0,0.0,1.0,16.325583028793336,1.2304923560797043,17.55607538487304,15.095090672713631,1.0,0.0,1.0
2009-02-26,14.518135070800781,-0.028801901749128667,16.49421564918147,19.884224489347975,0.0,-1.0,-1.0,0.031867488177113684,0.038979467330727574,1.0,0.0,1.0,16.09222493171692,1.0946737402157267,17.186898671932646,14.997551191501193,1.0,0.0,1.0
2009-02-27,14.44063663482666,-0.005338043460553554,16.356693283014344,19.803218308182945,0.0,-1.0,-1.0,0.03079105321742687,0.03868829437594993,1.0,0.0,1.0,15.899338626861573,1.0230115173942598,16.922350144255834,14.876327109467313,1.0,0.0,1.0
2009-03-02,13.820642471313477,-0.04293399101379891,16.18686117474733,19.71429047375485,0.0,-1.0,-1.0,0.03103573782584836,0.03868721716460185,1.0,0.0,1.0,15.699994087219238,1.0200491410576316,16.72004322827687,14.679944946161607,1.0,0.0,1.0
2009-03-03,14.08758544921875,0.01931480236605121,16.046278672084114,19.630744136380464,0.0,-1.0,-1.0,0.030918027459103912,0.03850954576426976,1.0,0.0,1.0,15.534663009643555,0.9987445189524273,16.533407528595983,14.535918490691127,1.0,0.0,1.0
2009-03-04,14.587020874023438,0.03545216649119842,15.948556356380879,19.555934878292355,0.0,-1.0,-1.0,0.031882866154594076,0.03852711647528366,1.0,0.0,1.0,15.376220703125,0.8710103271373787,16.24723103026238,14.505210375987621,0.0,0.0,0.0
2009-03-05,13.768978118896484,-0.05608017992102299,15.802596262351685,19.47019317217954,0.0,-1.0,-1.0,0.03337844618177016,0.038762788248873366,1.0,0.0,1.0,15.246625232696534,0.9087956478105303,16.155420880507066,14.337829584886004,1.0,0.0,1.0
2009-03-06,13.63120174407959,-0.01000628903809575,15.657184225821167,19.3837711643672,0.0,-1.0,-1.0,0.0322427369461898,0.038480207806211364,1.0,0.0,1.0,15.122626733779907,0.9527500616672523,16.07537679544716,14.169876672112654,1.0,0.0,1.0
2009-03-09,13.424537658691406,-0.015161105327924806,15.507670332630695,19.295660538890495,0.0,-1.0,-1.0,0.03118448347705441,0.038215622040000494,1.0,0.0,1.0,14.956434488296509,0.9440937772394141,15.900528265535923,14.012340711057094,1.0,0.0,1.0
2009-03-10,14.302863121032715,0.06542686866930247,15.426987881268618,19.22191430899618,0.0,-1.0,-1.0,0.03562893647756938,0.03887400940923656,1.0,0.0,1.0,14.834589004516602,0.8548586129944323,15.689447617511034,13.97973039152217,0.0,0.0,0.0
2009-03-11,14.285638809204102,-0.0012042562165951454,15.350555045215314,19.149076010796694,0.0,-1.0,-1.0,0.034424632155915805,0.03858709152071027,1.0,0.0,1.0,14.741159629821777,0.8036169705579755,15.544776600379752,13.937542659263801,0.0,0.0,0.0
2009-03-12,15.00896167755127,0.05063286829575575,15.327679530485877,19.088045967276027,0.0,-1.0,-1.0,0.03605441250461091,0.038861973049177746,1.0,0.0,1.0,14.695090866088867,0.7569096826068531,15.45200054869572,13.938181183482014,0.0,0.0,0.0
2009-03-13,14.750630378723145,-0.017211803479684318,15.289036229684587,19.024169682655387,0.0,-1.0,-1.0,0.03508550624186669,0.038613146391063245,1.0,0.0,1.0,14.621897268295289,0.6677795277726604,15.28967679606795,13.954117740522628,0.0,0.0,0.0
2009-03-16,14.8195219039917,0.004670412280679548,15.257594225418105,18.96230800104761,0.0,-1.0,-1.0,0.03392787301571788,0.03833938168921028,1.0,0.0,1.0,14.565495443344116,0.5934162997736615,15.158911743117777,13.972079143570454,0.0,0.0,0.0
2009-03-17,15.344792366027832,0.035444494460691756,15.263433630006881,18.909134882579075,0.0,-1.0,-1.0,0.03407093068636546,0.038339021585189356,1.0,0.0,1.0,14.564634418487548,0.5922110247229004,15.156845443210448,13.972423393764648,0.0,-1.0,-1.0
2009-03-18,15.594510078430176,0.01627377591339707,15.285604850474533,18.860459235461892,0.0,-1.0,-1.0,0.03313086675215315,0.038123366859316554,1.0,0.0,1.0,14.585300827026368,0.6213540019044483,15.206654828930816,13.96394682512192,0.0,-1.0,-1.0
2009-03-19,15.241456985473633,-0.0226395757982083,15.282648397394706,18.80736250371255,0.0,-1.0,-1.0,0.03262414577116673,0.03792290425198544,1.0,0.0,1.0,14.58573122024536,0.6218289460311932,15.207560166276554,13.963902274214167,0.0,-1.0,-1.0
2009-03-20,15.026185035705566,-0.014124105718583135,15.265473799023246,18.751936518741356,0.0,-1.0,-1.0,0.031734995107410645,0.03766988417969387,1.0,0.0,1.0,14.582286882400513,0.6190437447328084,15.201330627133322,13.963243137667705,0.0,0.0,0.0
2009-03-23,16.2919979095459,0.08424046894354609,15.334217101070516,18.715909875332766,0.0,-1.0,-1.0,0.03745804731285358,0.038833413361655765,1.0,0.0,1.0,14.666244077682496,0.7277322105293451,15.39397628821184,13.938511867153151,0.0,-1.0,-1.0
2009-03-24,15.74950885772705,-0.03329788371142561,15.362027967753532,18.67250402887241,0.0,-1.0,-1.0,0.037490231112716654,0.03873956041290261,1.0,0.0,1.0,14.68217453956604,0.7485416743832948,15.430716213949335,13.933632865182744,0.0,-1.0,-1.0
2009-03-25,15.95617389678955,0.013121998973390614,15.401816170042816,18.63279170232284,0.0,-1.0,-1.0,0.03631001400742638,0.038497359357718586,1.0,0.0,1.0,14.732548952102661,0.7995812289151911,15.532130181017852,13.93296772318747,0.0,-1.0,-1.0
2009-03-26,16.412553787231445,0.028602088031499884,15.46950228719461,18.600359817082968,0.0,-1.0,-1.0,0.03565426591744545,0.038387965100529955,1.0,0.0,1.0,14.827269887924194,0.880916822375537,15.708186710299731,13.946353065548657,0.0,-1.0,-1.0
2009-03-27,16.00783348083496,-0.024659191472770514,15.505552737958736,18.562521556776066,0.0,-1.0,-1.0,0.03526159976619533,0.03821121006925278,1.0,0.0,1.0,14.905629730224609,0.9138039159048795,15.819433646129488,13.99182581431973,0.0,-1.0,-1.0
2009-03-30,15.370627403259277,-0.03980589118062505,15.496517186978867,18.515973978650337,0.0,-1.0,-1.0,0.035766712001826066,0.03821002494307432,1.0,0.0,1.0,14.983128976821899,0.8821211623785017,15.8652501392004,14.101007814443397,0.0,0.0,0.0
2009-03-31,15.637564659118652,0.017366711771490406,15.505962719066611,18.47403218264663,0.0,-1.0,-1.0,0.034822523013756955,0.03800251021413218,1.0,0.0,1.0,15.060627937316895,0.8672637925676977,15.927891729884593,14.193364144749196,0.0,0.0,0.0
2009-04-01,16.180057525634766,0.034691646579364965,15.551104853208502,18.44063313306989,0.0,-1.0,-1.0,0.03468798805475458,0.03797900569355114,1.0,0.0,1.0,15.140279769897461,0.8942127939440264,16.034492563841486,14.246066975953434,0.0,-1.0,-1.0
2009-04-02,17.402814865112305,0.07557187837807566,15.67510838841681,18.425535011985332,0.0,-1.0,-1.0,0.038182584168414156,0.038816457647376956,1.0,0.0,1.0,15.321971607208251,0.9671192235963878,16.28909083080464,14.354852383611863,0.0,-1.0,-1.0
2009-04-03,17.221988677978516,-0.010390628673312752,15.778698376860763,18.408039546222746,0.0,-1.0,-1.0,0.03719124873628272,0.03855269919377564,1.0,0.0,1.0,15.501510953903198,0.9700175489260434,16.47152850282924,14.531493404977155,0.0,-1.0,-1.0
2009-04-06,16.8947696685791,-0.019000071101999083,15.853438361446493,18.386058664591644,0.0,-1.0,-1.0,0.03653584426563856,0.03833729031873888,1.0,0.0,1.0,15.675022554397582,0.8856449664730008,16.560667520870584,14.789377587924582,0.0,-1.0,-1.0
2009-04-07,16.464221954345703,-0.02548408310260253,15.894340726262445,18.358164325227893,0.0,-1.0,-1.0,0.03615602914707994,0.03817516761682158,1.0,0.0,1.0,15.783090496063233,0.8400944091096827,16.623184905172916,14.94299608695355,0.0,0.0,0.0
2009-04-08,16.670883178710938,0.012552140328179195,15.946343468781604,18.333692706390817,0.0,-1.0,-1.0,0.035002926378495475,0.03793166583567943,1.0,0.0,1.0,15.902352714538575,0.78374131291759,16.686094027456164,15.118611401620985,0.0,0.0,0.0
2009-04-09,17.118650436401367,0.02685924032280651,16.02484938410124,18.316083207986093,0.0,-1.0,-1.0,0.03430886838166849,0.03780088502347333,1.0,0.0,1.0,16.00783715248108,0.7989944909954483,16.806831643476528,15.208842661485633,0.0,-1.0,-1.0
2009-04-13,16.817272186279297,-0.01760525756640341,16.077915584177525,18.294376825037883,0.0,-1.0,-1.0,0.03365715273186434,0.03758304398778914,1.0,0.0,1.0,16.111169242858885,0.7605578811185973,16.871727123977482,15.350611361740288,0.0,0.0,0.0
2009-04-14,16.37810707092285,-0.026113932776490767,16.098018515516586,18.266644468702083,0.0,-1.0,-1.0,0.033398038898455946,0.037435173002399125,1.0,0.0,1.0,16.189098501205443,0.6985685020857614,16.887667003291206,15.490529999119682,0.0,0.0,0.0
2009-04-15,16.98948860168457,0.03732919366775578,16.157717615576633,18.248174418939133,0.0,-1.0,-1.0,0.033493652851014,0.03744551530270623,1.0,0.0,1.0,16.271333312988283,0.6907083041756873,16.96204161716397,15.580625008812595,0.0,-1.0,-1.0
2009-04-16,17.661148071289062,0.03953382502271996,16.258397879632195,18.239690818302456,0.0,-1.0,-1.0,0.03357133595335564,0.03748043612900538,1.0,0.0,1.0,16.374665212631225,0.7371505241402413,17.111815736771465,15.637514688490983,0.0,-1.0,-1.0
2009-04-17,17.549205780029297,-0.006338336036134873,16.344839442451576,18.229718877086572,0.0,-1.0,-1.0,0.03259602242797778,0.03721678673418053,1.0,0.0,1.0,16.490052652359008,0.7310240273606073,17.221076679719616,15.7590286249984,0.0,-1.0,-1.0
2009-04-20,16.713937759399414,-0.04759577334151521,16.369556857696608,18.20784282062089,0.0,-1.0,-1.0,0.03429038594570295,0.037385299614710224,1.0,0.0,1.0,16.574440288543702,0.6455645070398709,17.220004795583574,15.92887578150383,0.0,0.0,0.0
2009-04-21,16.76560401916504,0.003091208098855658,16.396078956446654,18.187041972162756,0.0,-1.0,-1.0,0.0331230762400476,0.03711718720877576,1.0,0.0,1.0,16.598120594024657,0.643341272262925,17.241461866287583,15.954779321761732,0.0,0.0,0.0
2009-04-22,16.705326080322266,-0.003595333563519043,16.416788314950374,18.165685756055243,0.0,-1.0,-1.0,0.032029624885641185,0.036850344437737555,1.0,0.0,1.0,16.64591145515442,0.611707862356245,17.257619317510663,16.034203592798175,0.0,0.0,0.0
2009-04-23,16.903379440307617,0.011855701530941287,16.4493738724538,18.14750366970165,0.0,-1.0,-1.0,0.0310424510348552,0.03661413944597802,1.0,0.0,1.0,16.693271732330324,0.5918408221000251,17.28511255443035,16.1014309102303,0.0,0.0,0.0
2009-04-24,17.44586944580078,0.03209358267137685,16.516106210444498,18.137403856160905,0.0,-1.0,-1.0,0.030912696308332974,0.0365567952052417,1.0,0.0,1.0,16.74493751525879,0.6108427873582718,17.355780302617063,16.134094727900518,0.0,-1.0,-1.0
2009-04-27,16.998104095458984,-0.02566598080610849,16.548384171626743,18.12101426179621,0.0,-1.0,-1.0,0.030831991963766354,0.03642262417641975,1.0,0.0,1.0,16.79445104598999,0.5876442027613675,17.38209524875136,16.206806843228623,0.0,0.0,0.0
2009-04-28,16.800048828125,-0.011651609274877628,16.565237403116154,18.102023028136603,0.0,-1.0,-1.0,0.02999877281214382,0.03618501974978321,1.0,0.0,1.0,16.865922117233275,0.4829614652174337,17.348883582450707,16.382960652015843,0.0,0.0,0.0
2009-04-29,18.09169578552246,0.07688352400709175,16.667459767589946,18.101874646045506,0.0,-1.0,-1.0,0.03474047866693179,0.03709376649515818,1.0,0.0,1.0,16.988628673553468,0.46590629408546175,17.454534967638928,16.522722379468007,0.0,-1.0,-1.0
2009-04-30,18.858074188232422,0.04236078319000036,16.814158679524574,18.112733217704914,0.0,-1.0,-1.0,0.0347683466656315,0.03716204414184852,1.0,0.0,1.0,17.12252950668335,0.5896812426775784,17.712210749360928,16.53284826400577,0.0,-1.0,-1.0
2009-05-01,18.892520904541016,0.0018266295892550577,16.953340395717483,18.123923874929407,0.0,-1.0,-1.0,0.033633520888179384,0.036894337046493,1.0,0.0,1.0,17.197014808654785,0.7089690013821277,17.90598381003691,16.48804580727266,0.0,-1.0,-1.0
2009-05-04,19.684736251831055,0.04193274954109594,17.136253824112508,18.146309876859508,0.0,-1.0,-1.0,0.03358171568100501,0.03694931441152934,1.0,0.0,1.0,17.32015218734741,0.9013142993358688,18.22146648668328,16.41883788801154,0.0,-1.0,-1.0
2009-05-05,19.934450149536133,0.012685661342394239,17.32364067926313,18.17194159217175,0.0,-1.0,-1.0,0.03244151813665795,0.03670629747884838,1.0,0.0,1.0,17.472136211395263,1.0668843604793627,18.539020571874627,16.4052518509159,0.0,-1.0,-1.0
2009-05-06,22.276639938354492,0.11749457703867794,17.655328252530786,18.230746173366803,0.0,-1.0,-1.0,0.04144417338510752,0.0389603571756569,0.0,-1.0,-1.0,17.762757110595704,1.4868680843662738,19.24962519496198,16.27588902622943,0.0,-1.0,-1.0
2009-05-07,21.811647415161133,-0.020873548456145974,17.933664536532376,18.28201809714652,0.0,-1.0,-1.0,0.04123739955555191,0.0387904612354224,0.0,-1.0,-1.0,18.01979532241821,1.715021995782988,19.7348173182012,16.304773326635225,0.0,-1.0,-1.0
2009-05-08,21.9235897064209,0.005132225417414205,18.200857910166242,18.33413000237319,0.0,-1.0,-1.0,0.03991857738928328,0.038512391003576556,0.0,-1.0,-1.0,18.26004228591919,1.9078492284564779,20.16789151437567,16.352193057462713,0.0,-1.0,-1.0
2009-05-11,21.27776527404785,-0.02945796929340916,18.4069092067642,18.376231383631215,1.0,0.0,1.0,0.04016417042813508,0.03843468044873065,0.0,-1.0,-1.0,18.483066940307616,1.9892891012049254,20.47235604151254,16.49377783910269,0.0,-1.0,-1.0
2009-05-12,20.94193458557129,-0.015783174790736543,18.57667228438448,18.412907756780182,1.0,0.0,1.0,0.03942425937137792,0.03822326044640496,0.0,-1.0,-1.0,18.711258316040038,1.9968646397647376,20.708122955804775,16.7143936762753,0.0,-1.0,-1.0
2009-05-13,20.321943283081055,-0.02960525446953688,18.693547869591082,18.44018276675951,1.0,0.0,1.0,0.03938694591856319,0.03814211097495251,0.0,-1.0,-1.0,18.877881050109863,1.984631104591301,20.862512154701164,16.893249945518562,0.0,0.0,0.0
2009-05-14,20.218612670898438,-0.005084681653877321,18.795676903134517,18.465578565287412,1.0,0.0,1.0,0.038175072712930185,0.03787834542522084,0.0,-1.0,-1.0,19.005754280090333,1.9844997073799882,20.99025398747032,17.021254572710344,0.0,0.0,0.0
2009-05-15,20.158336639404297,-0.002981215005958271,18.886930154300625,18.489738594274655,1.0,0.0,1.0,0.03695267645679019,0.03761161130895289,1.0,0.0,1.0,19.13621082305908,1.9694118418443511,21.105622664903432,17.16679898121473,0.0,0.0,0.0
2009-05-18,20.847217559814453,0.03417350016189191,19.01820474438765,18.52336891395739,1.0,0.0,1.0,0.036415586325512346,0.03753887123293363,1.0,0.0,1.0,19.342874813079835,1.9180447036116794,21.260919516691516,17.424830109468154,0.0,0.0,0.0
2009-05-19,20.511383056640625,-0.016109320210731193,19.118198433902446,18.551714561313418,1.0,0.0,1.0,0.03569364020210823,0.03733514695528689,1.0,0.0,1.0,19.530163764953613,1.8341864388423033,21.364350203795915,17.69597732611131,0.0,0.0,0.0
2009-05-20,20.278888702392578,-0.011334894073502078,19.195926392446687,18.576328995730147,1.0,0.0,1.0,0.03476265141761063,0.037102626802163786,1.0,0.0,1.0,19.70884189605713,1.7146876584222173,21.423529554479348,17.994154237634913,0.0,0.0,0.0
2009-05-21,20.003339767456055,-0.01358797017826785,19.249996453043117,18.596655881488527,1.0,0.0,1.0,0.03390820418140997,0.036883562755056484,1.0,0.0,1.0,19.86383991241455,1.5827780915896537,21.446618004004204,18.2810618208249,0.0,0.0,0.0
2009-05-22,20.408058166503906,0.020232541353234268,19.32754838465903,18.62244588253952,1.0,0.0,1.0,0.0330217590991361,0.03668604583952487,1.0,0.0,1.0,20.011949348449708,1.4798543222564726,21.49180367070618,18.532095026193236,0.0,0.0,0.0
2009-05-26,21.13138198852539,0.035443049805134796,19.44834572930751,18.658150291823844,1.0,0.0,1.0,0.03283472902944526,0.036640525146688134,1.0,0.0,1.0,20.21861324310303,1.3163960851416423,21.53500932824467,18.90221715796139,0.0,0.0,0.0
2009-05-27,20.554443359375,-0.027302456103612927,19.522417781197127,18.68512373671596,1.0,0.0,1.0,0.03288612835909052,0.03655043394515424,1.0,0.0,1.0,20.406332969665527,1.0424288363790177,21.448761806044544,19.36390413328651,0.0,0.0,0.0
2009-05-28,20.657773971557617,0.005027166650829695,19.598449191234284,18.71317049145673,1.0,0.0,1.0,0.031766109547717004,0.03629129282249925,1.0,0.0,1.0,20.534636878967284,0.8892024551824727,21.423839334149758,19.64543442378481,0.0,0.0,0.0
2009-05-29,20.855825424194336,0.009587260123448127,19.682651918577772,18.743620621653125,1.0,0.0,1.0,0.030710154377430028,0.03604342214118751,1.0,0.0,1.0,20.634524440765382,0.79854104614965,21.433065486915034,19.83598339461573,0.0,0.0,0.0
2009-06-01,21.553316116333008,0.033443446996326065,19.807924707224043,18.783532608136152,1.0,0.0,1.0,0.030537331758388356,0.03597847824842616,1.0,0.0,1.0,20.76756420135498,0.7097552769589035,21.477319478313884,20.057808924396074,0.0,-1.0,-1.0
